Lintang,Bujur,CO,NO,NO2,O3,SO2,PM2_5,PM10,NH3,Date
-2.9831,104.7527,707.63,1.17,14.91,8.14,6.79,43.31,54.88,3.2,2023-08-01
-2.9831,104.7527,867.84,5.2,14.57,15.38,8.7,51.31,63.56,3.67,2023-08-01
-2.9831,104.7527,821.11,5.25,13.19,31.47,8.94,52.52,65.07,3.8,2023-08-01
-2.9831,104.7527,634.19,2.18,9.94,63.66,7.87,50.78,63.04,3.8,2023-08-01
-2.9831,104.7527,377.18,0.59,3.68,77.96,4.23,29.28,37.87,1.87,2023-08-01
-2.9831,104.7527,337.12,0.49,2.96,77.25,3.78,23.66,30.75,1.49,2023-08-01
-2.9831,104.7527,323.77,0.44,2.74,77.96,3.67,21.2,27.4,1.31,2023-08-01
-2.9831,104.7527,330.45,0.49,3.34,80.11,4.11,19.96,25.57,1.42,2023-08-01
-2.9831,104.7527,333.79,0.51,4.03,75.1,4.41,18.3,23.28,1.55,2023-08-01
-2.9831,104.7527,327.11,0.49,4.76,62.23,4.35,14.71,18.84,1.6,2023-08-01
-2.9831,104.7527,560.76,1.33,13.37,38.98,6.91,16.23,20.82,3.51,2023-08-01
-2.9831,104.7527,947.95,2.1,25.36,13.05,9.78,23.29,29.21,4.69,2023-08-01
-2.9831,104.7527,1255.04,6.82,26.05,0.75,11.09,33.18,40.38,4.75,2023-08-01
-2.9831,104.7527,1228.33,10.28,18.16,0.1,10.25,36.91,44.33,4.75,2023-08-01
-2.9831,104.7527,1001.36,7.82,13.71,0.24,8.23,32.79,40.73,4.05,2023-08-01
-2.9831,104.7527,834.47,5.14,12.17,0.59,6.85,28.95,37.48,3.64,2023-08-01
-2.9831,104.7527,734.33,4.02,11.14,0.83,5.96,25.69,35.17,3.13,2023-08-01
-2.9831,104.7527,587.46,3.32,9.42,0.89,4.77,19.96,29.92,2.03,2023-08-01
-2.9831,104.7527,447.27,2.24,7.63,1.26,3.87,15.74,25.35,1.66,2023-08-01
-2.9831,104.7527,400.54,1.93,6.85,1.26,3.78,15.12,23.93,1.68,2023-08-01
-2.9831,104.7527,400.54,2.26,6.77,0.88,4.05,16.15,24.73,1.76,2023-08-01
-2.9831,104.7527,417.23,2.88,6.77,0.55,4.29,17.36,25.67,1.82,2023-08-01
-2.9831,104.7527,433.92,3.58,6.94,0.36,4.47,18.18,26.2,1.82,2023-08-01
-2.9831,104.7527,480.65,4.47,7.37,0.31,4.83,19.11,26.95,1.96,2023-08-01
-2.9831,104.7527,654.22,6.54,9.08,0.5,6.2,23.76,32.3,2.98,2023-08-02
-2.9831,104.7527,807.76,7.82,12.51,2.79,8.23,29.04,39.14,3.45,2023-08-02
-2.9831,104.7527,867.84,7.71,15.42,4.96,9.89,34.2,46.13,3.83,2023-08-02
-2.9831,104.7527,694.27,3.58,16.79,9.75,9.54,35,47.68,3.89,2023-08-02
-2.9831,104.7527,447.27,0.22,7.71,57.94,4.89,43.68,51.53,1.44,2023-08-02
-2.9831,104.7527,403.88,0.14,5.27,59.37,3.87,36.99,41.07,1.09,2023-08-02
-2.9831,104.7527,363.83,0.13,4.54,50.07,3.34,25.63,27.95,1,2023-08-02
-2.9831,104.7527,350.48,0.16,5.74,40.41,3.93,17.79,19.38,1.23,2023-08-02
-2.9831,104.7527,353.81,0.14,7.2,32.9,4.71,14.74,16.1,1.5,2023-08-02
-2.9831,104.7527,357.15,0.1,7.88,27.18,4.77,12.98,14.2,1.58,2023-08-02
-2.9831,104.7527,507.35,0.24,13.37,17.52,5.9,14.33,16.15,2.56,2023-08-02
-2.9831,104.7527,754.36,1.66,19.71,5.68,7.51,18.11,21.29,3.67,2023-08-02
-2.9831,104.7527,907.9,4.64,19.36,1.21,8.23,22.47,27.28,4.43,2023-08-02
-2.9831,104.7527,814.44,4.36,15.25,1.17,6.97,20.95,26.43,3.99,2023-08-02
-2.9831,104.7527,594.14,1.87,11.82,3.13,5.36,15.09,19.77,2.94,2023-08-02
-2.9831,104.7527,433.92,0.55,9.08,7.69,4.47,10.11,13.68,2.18,2023-08-02
-2.9831,104.7527,330.45,0.18,6.94,12.34,3.81,6.84,9.53,1.52,2023-08-02
-2.9831,104.7527,300.41,0.17,6.51,11.98,3.52,6.19,8.79,1.11,2023-08-02
-2.9831,104.7527,273.7,0.16,5.83,11.44,3.31,6.2,8.76,1.03,2023-08-02
-2.9831,104.7527,273.7,0.2,6.08,10.01,3.52,6.97,9.54,1.14,2023-08-02
-2.9831,104.7527,283.72,0.29,6.51,8.05,3.78,7.85,10.52,1.25,2023-08-02
-2.9831,104.7527,293.73,0.43,6.85,6.26,3.99,8.74,11.51,1.36,2023-08-02
-2.9831,104.7527,303.75,0.66,7.28,4.65,4.35,9.36,12.23,1.46,2023-08-02
-2.9831,104.7527,337.12,1.12,8.4,3.35,5.19,10.47,13.68,1.73,2023-08-02
-2.9831,104.7527,480.65,2.26,11.14,2.95,6.85,15.55,19.85,2.69,2023-08-03
-2.9831,104.7527,587.46,2.6,12.34,10.55,7.57,23.88,29.53,2.6,2023-08-03
-2.9831,104.7527,587.46,1.4,11.65,25.39,7.21,33.56,40.07,2.09,2023-08-03
-2.9831,104.7527,527.38,0.43,9.51,41.13,6.74,43.19,49.37,1.69,2023-08-03
-2.9831,104.7527,460.62,0.04,6.08,61.51,5.01,45.65,49.92,0.89,2023-08-03
-2.9831,104.7527,407.22,0.02,5.36,56.51,4.35,36.55,39.34,0.9,2023-08-03
-2.9831,104.7527,370.5,0.02,5.01,49.35,3.87,29.12,31.13,0.93,2023-08-03
-2.9831,104.7527,363.83,0.06,5.91,42.92,4.23,25.62,27.28,1.11,2023-08-03
-2.9831,104.7527,357.15,0.05,6.68,36.12,4.65,22.61,24.12,1.25,2023-08-03
-2.9831,104.7527,337.12,0.04,6.85,29.33,4.47,17,18.37,1.28,2023-08-03
-2.9831,104.7527,814.44,3.19,19.54,7.87,7.75,22.13,25.25,3.8,2023-08-03
-2.9831,104.7527,1735.69,23.92,19.36,0.05,12.16,41.31,47.66,5.19,2023-08-03
-2.9831,104.7527,2696.99,46.49,16.79,0,15.02,72.67,82.42,6.9,2023-08-03
-2.9831,104.7527,3177.64,55.88,14.74,0,14.9,103.56,117.08,8.87,2023-08-03
-2.9831,104.7527,2883.91,49.17,11.65,0,12.16,113.02,129.41,7.41,2023-08-03
-2.9831,104.7527,2269.74,35.32,9.94,0,9.54,104.13,120.05,5.89,2023-08-03
-2.9831,104.7527,1415.25,17.43,10.71,0.01,7.15,72.98,85.14,3.93,2023-08-03
-2.9831,104.7527,961.3,10.17,9.25,0.05,5.42,50.46,61.25,2.5,2023-08-03
-2.9831,104.7527,647.54,5.53,7.45,0.23,4.23,32.81,42.37,1.9,2023-08-03
-2.9831,104.7527,494,3.19,6.77,0.54,3.93,24.27,32.97,1.77,2023-08-03
-2.9831,104.7527,417.23,1.87,6.85,1.36,3.87,19.68,27.57,1.61,2023-08-03
-2.9831,104.7527,357.15,0.82,7.03,3.89,3.93,16.46,23.33,1.39,2023-08-03
-2.9831,104.7527,313.76,0.25,7.03,9.66,4.23,15.66,21.17,1.14,2023-08-03
-2.9831,104.7527,337.12,0.11,7.8,16.09,4.83,20.54,24.8,1.17,2023-08-03
-2.9831,104.7527,460.62,0.04,10.45,26.46,6.02,33.35,37.15,1.71,2023-08-04
-2.9831,104.7527,574.11,0.26,11.65,43.27,6.74,48.92,52.78,1.74,2023-08-04
-2.9831,104.7527,594.14,0.53,11.14,56.51,7.15,58.42,62.48,1.9,2023-08-04
-2.9831,104.7527,560.76,0.47,10.28,64.37,7.51,61.41,65.83,2.12,2023-08-04
-2.9831,104.7527,500.68,0.31,6.6,77.96,5.48,57.8,62.38,1.49,2023-08-04
-2.9831,104.7527,447.27,0.41,4.37,78.68,4.29,48.31,52.97,1.27,2023-08-04
-2.9831,104.7527,397.21,0.41,3.08,72.96,3.46,37.11,41.66,1.16,2023-08-04
-2.9831,104.7527,373.84,0.56,3.56,69.38,3.93,26.78,31.34,1.44,2023-08-04
-2.9831,104.7527,363.83,0.74,4.8,66.52,4.89,19.01,23.68,1.73,2023-08-04
-2.9831,104.7527,360.49,0.92,6.08,57.22,5.25,12.95,17.59,1.85,2023-08-04
-2.9831,104.7527,620.84,1.87,14.39,36.84,6.91,14.8,20.09,3.01,2023-08-04
-2.9831,104.7527,1134.87,3.27,27.76,9.21,9.3,24.57,31.66,4.31,2023-08-04
-2.9831,104.7527,1482.01,8.72,26.05,0.47,10.25,36.82,46.31,5.38,2023-08-04
-2.9831,104.7527,1455.31,10.28,20.39,0.23,9.3,43.22,55.49,5.7,2023-08-04
-2.9831,104.7527,1121.52,5.31,17.82,1.17,7.21,37.65,50.75,4.05,2023-08-04
-2.9831,104.7527,714.3,0.76,14.22,10.1,5.48,26.28,38.61,2.66,2023-08-04
-2.9831,104.7527,854.49,1.22,16.62,8.67,5.72,33.17,45.88,2.66,2023-08-04
-2.9831,104.7527,1188.28,5.36,17.48,0.95,5.78,47.12,60.69,2.6,2023-08-04
-2.9831,104.7527,1228.33,7.71,14.22,0.25,5.36,54.18,68.47,3.67,2023-08-04
-2.9831,104.7527,1214.98,8.61,11.82,0.13,5.72,59.83,74.35,5.57,2023-08-04
-2.9831,104.7527,1081.47,7.6,9.6,0.24,4.41,61.14,73.37,3.58,2023-08-04
-2.9831,104.7527,867.84,3.58,10.2,2.03,3.49,59.02,68.55,2.06,2023-08-04
-2.9831,104.7527,580.79,0.06,8.74,16.09,3.52,53.91,63.51,1.44,2023-08-04
-2.9831,104.7527,567.44,0.04,8.57,19.13,3.93,57.75,67.9,1.58,2023-08-04
-2.9831,104.7527,734.33,0.27,12.68,20.38,5.54,67.25,79.43,2.53,2023-08-05
-2.9831,104.7527,854.49,2.6,12.85,27.89,6.62,72.02,86.47,2.79,2023-08-05
-2.9831,104.7527,767.71,2.68,10.37,47.92,6.02,68.16,83.89,2.79,2023-08-05
-2.9831,104.7527,574.11,1.15,6.34,73.67,4.95,58.6,73.58,2.82,2023-08-05
-2.9831,104.7527,373.84,0.36,2.16,78.68,2.62,28.08,39.18,1.38,2023-08-05
-2.9831,104.7527,350.48,0.29,1.74,81.54,2.56,23.31,32.77,1.22,2023-08-05
-2.9831,104.7527,347.14,0.25,1.56,87.98,2.77,22.12,30.64,1.27,2023-08-05
-2.9831,104.7527,363.83,0.35,2.36,94.41,3.58,21.7,30.07,1.63,2023-08-05
-2.9831,104.7527,377.18,0.45,3.34,94.41,4.17,20.22,28.46,1.9,2023-08-05
-2.9831,104.7527,383.85,0.48,4.16,87.26,4.23,19.01,27.25,1.84,2023-08-05
-2.9831,104.7527,423.91,0.47,6.43,77.25,4.65,21.13,29.77,1.99,2023-08-05
-2.9831,104.7527,487.33,0.13,9.68,62.94,5.13,26.41,35.58,2.66,2023-08-05
-2.9831,104.7527,527.38,0,10.8,54.36,5.3,34.03,43.79,3.39,2023-08-05
-2.9831,104.7527,547.41,0,10.02,52.93,4.89,43.26,53.87,3.39,2023-08-05
-2.9831,104.7527,587.46,0,9.85,48.64,4.71,53.08,64.73,3.13,2023-08-05
-2.9831,104.7527,640.87,0,10.37,43.63,4.95,62.47,75.52,2.94,2023-08-05
-2.9831,104.7527,727.65,0.01,12.51,32.54,5.25,71.16,85.57,2.79,2023-08-05
-2.9831,104.7527,707.63,0.04,12.34,21.1,4.47,73.97,88.67,2.09,2023-08-05
-2.9831,104.7527,620.84,0.09,9.77,15.2,3.76,75.66,90.24,2.03,2023-08-05
-2.9831,104.7527,587.46,0.12,8.48,12.52,3.58,79.2,93.69,2.09,2023-08-05
-2.9831,104.7527,567.44,0.1,7.88,13.05,3.55,81.53,95.53,1.73,2023-08-05
-2.9831,104.7527,534.06,0.05,7.54,17.17,3.64,79.07,91.44,1.41,2023-08-05
-2.9831,104.7527,480.65,0.02,7.11,22.35,3.78,72.18,83.24,1.22,2023-08-05
-2.9831,104.7527,494,0.05,8.05,18.6,3.99,66.71,76.56,1.41,2023-08-05
-2.9831,104.7527,620.84,0.42,11.14,15.91,5.01,63.91,73.67,2.25,2023-08-06
-2.9831,104.7527,741,3.13,11.31,23.25,6.2,59.76,70.37,2.66,2023-08-06
-2.9831,104.7527,707.63,3.1,10.54,44.7,6.68,54.6,66.11,2.94,2023-08-06
-2.9831,104.7527,574.11,1.34,7.8,78.68,6.5,50.39,62.07,3.17,2023-08-06
-2.9831,104.7527,393.87,0.42,3.13,97.27,4.47,38.59,49.16,1.54,2023-08-06
-2.9831,104.7527,357.15,0.32,2.29,90.84,3.67,33.36,42.22,1.19,2023-08-06
-2.9831,104.7527,337.12,0.28,1.93,81.54,3.1,29.47,36.7,1.03,2023-08-06
-2.9831,104.7527,337.12,0.32,2.16,75.82,3.07,27.15,33.13,1.11,2023-08-06
-2.9831,104.7527,337.12,0.37,2.57,71.53,3.22,25.69,30.89,1.23,2023-08-06
-2.9831,104.7527,337.12,0.39,3.04,65.8,3.22,23.53,28.21,1.33,2023-08-06
-2.9831,104.7527,934.6,3.41,19.02,36.12,7.15,34.03,40.44,5.51,2023-08-06
-2.9831,104.7527,1735.69,10.51,31.87,5.72,10.49,52.32,61.73,7.98,2023-08-06
-2.9831,104.7527,2456.67,29.06,25.02,0,12.52,77.6,90.95,8.87,2023-08-06
-2.9831,104.7527,2563.48,35.32,18.51,0,11.44,93.49,110.46,7.98,2023-08-06
-2.9831,104.7527,2162.93,28.39,14.91,0,8.34,90.92,107.98,5,2023-08-06
-2.9831,104.7527,1682.28,17.88,15.25,0.15,6.44,79.32,93.5,3.36,2023-08-06
-2.9831,104.7527,507.35,0,9.34,33.62,3.81,34.89,41.27,1.46,2023-08-06
-2.9831,104.7527,400.54,0,6.68,35.41,3.37,31.84,37.05,1.09,2023-08-06
-2.9831,104.7527,377.18,0,6.25,31.83,3.4,31.71,36.27,1.14,2023-08-06
-2.9831,104.7527,377.18,0.01,6.43,26.82,3.64,32.14,36.29,1.25,2023-08-06
-2.9831,104.7527,377.18,0.02,6.6,21.99,3.76,31.95,35.93,1.31,2023-08-06
-2.9831,104.7527,380.52,0.05,6.68,18.24,3.78,31.46,35.34,1.36,2023-08-06
-2.9831,104.7527,383.85,0.08,6.94,15.74,3.87,31.23,35.14,1.39,2023-08-06
-2.9831,104.7527,423.91,0.12,8.23,14.84,4.47,33.03,37.59,1.65,2023-08-06
-2.9831,104.7527,580.79,0.52,12,14.31,6.14,40.56,46.95,2.75,2023-08-07
-2.9831,104.7527,674.25,3.05,11.31,22.71,7.09,46.3,55.01,3.07,2023-08-07
-2.9831,104.7527,647.54,3.07,10.02,43.27,7.33,49.4,59.81,3.29,2023-08-07
-2.9831,104.7527,554.08,1.51,7.8,77.25,7.27,52.46,62.92,3.55,2023-08-07
-2.9831,104.7527,417.23,0.45,3.56,98.71,4.89,43.57,51.52,1.74,2023-08-07
-2.9831,104.7527,383.85,0.31,3.34,89.41,4.23,36.08,42.55,1.27,2023-08-07
-2.9831,104.7527,370.5,0.15,3.68,80.11,3.93,33.22,38.85,1.08,2023-08-07
-2.9831,104.7527,393.87,0.03,6.34,71.53,5.3,32.74,37.44,1.33,2023-08-07
-2.9831,104.7527,417.23,0.08,8.65,66.52,6.85,33.29,37.03,1.61,2023-08-07
-2.9831,104.7527,427.25,0.12,9.51,63.66,7.21,32.71,35.67,1.52,2023-08-07
-2.9831,104.7527,647.54,0.63,15.94,47.92,7.87,36.15,39.69,2.22,2023-08-07
-2.9831,104.7527,988.01,0.71,26.39,25.03,8.94,43.87,49.2,3.04,2023-08-07
-2.9831,104.7527,1255.04,0.99,30.16,8.58,9.54,53.33,60.71,4.43,2023-08-07
-2.9831,104.7527,1188.28,1.29,24.33,5.81,8.34,56.01,64.89,4.88,2023-08-07
-2.9831,104.7527,947.95,0.38,17.82,10.64,6.5,51.38,60.27,3.86,2023-08-07
-2.9831,104.7527,720.98,0.07,12.85,18.06,5.36,44.51,52.27,2.98,2023-08-07
-2.9831,104.7527,540.73,0.03,9.77,21.82,4.65,35.47,41.65,2.18,2023-08-07
-2.9831,104.7527,480.65,0.07,8.91,17.34,3.99,30.64,35.96,1.55,2023-08-07
-2.9831,104.7527,417.23,0.08,7.54,15.02,3.55,27.38,31.68,1.36,2023-08-07
-2.9831,104.7527,403.88,0.1,7.37,13.59,3.67,27.59,31.38,1.46,2023-08-07
-2.9831,104.7527,417.23,0.14,7.88,11.98,4.05,29.73,33.31,1.57,2023-08-07
-2.9831,104.7527,433.92,0.21,8.74,9.75,4.41,32.81,36.3,1.66,2023-08-07
-2.9831,104.7527,467.3,0.38,9.6,7.24,4.83,36.05,39.65,1.74,2023-08-07
-2.9831,104.7527,534.06,0.66,11.48,5.45,5.54,40.06,44.19,2.03,2023-08-07
-2.9831,104.7527,700.95,1.38,15.59,4.52,7.33,46.39,51.68,3.26,2023-08-08
-2.9831,104.7527,841.14,2.24,19.54,4.96,9.3,49.44,56.03,3.86,2023-08-08
-2.9831,104.7527,854.49,2.68,20.56,7.51,10.49,48.86,56.76,3.86,2023-08-08
-2.9831,104.7527,727.65,1.48,18.51,21.46,10.61,46.24,54.47,3.64,2023-08-08
-2.9831,104.7527,507.35,0.31,9.42,60.8,6.79,40.78,46.5,1.85,2023-08-08
-2.9831,104.7527,433.92,0.22,6.25,63.66,5.01,33.75,37.73,1.42,2023-08-08
-2.9831,104.7527,393.87,0.2,4.63,56.51,3.81,27.57,30.39,1.19,2023-08-08
-2.9831,104.7527,373.84,0.23,4.88,49.35,3.93,20.87,22.93,1.2,2023-08-08
-2.9831,104.7527,363.83,0.25,6.17,43.99,4.77,15.31,17.25,1.39,2023-08-08
-2.9831,104.7527,367.16,0.22,7.45,41.13,5.42,11.21,13.43,1.54,2023-08-08
-2.9831,104.7527,1321.79,8.49,27.42,10.46,11.56,28.19,33.78,6.97,2023-08-08
-2.9831,104.7527,2883.91,42.92,29.47,0.49,23.37,65.29,76.01,17.99,2023-08-08
-2.9831,104.7527,4646.3,82.25,32.9,0,40.05,124.19,139.43,38,2023-08-08
-2.9831,104.7527,5714.42,101.03,37.7,0,53.88,181.59,196.75,58.77,2023-08-08
-2.9831,104.7527,5447.39,98.35,31.53,0,47.68,207.82,224.02,57.25,2023-08-08
-2.9831,104.7527,4486.08,79.57,21.25,0,27.42,196.54,215.54,31.16,2023-08-08
-2.9831,104.7527,2429.96,33.08,19.88,0,11.44,110.05,124.42,6.97,2023-08-08
-2.9831,104.7527,1682.28,19,15.59,0.01,7.15,76.15,87.61,3.26,2023-08-08
-2.9831,104.7527,1161.58,9.95,13.02,0.13,5.13,51.73,59.41,2.03,2023-08-08
-2.9831,104.7527,781.06,1.9,13.02,1.72,4.23,32.81,38.22,1.63,2023-08-08
-2.9831,104.7527,640.87,0.73,10.37,3.4,3.93,25.81,30.17,1.61,2023-08-08
-2.9831,104.7527,560.76,0.64,9.34,3.89,4.05,22.6,26.35,1.65,2023-08-08
-2.9831,104.7527,527.38,0.86,9.17,3.26,4.41,21.21,24.64,1.68,2023-08-08
-2.9831,104.7527,534.06,1.41,9.6,2.37,4.95,21.28,24.65,1.88,2023-08-08
-2.9831,104.7527,680.92,3.74,10.88,1.86,6.5,25.37,29.51,2.98,2023-08-09
-2.9831,104.7527,781.06,7.1,10.28,7.51,7.57,26.73,32.28,3.26,2023-08-09
-2.9831,104.7527,707.63,5.31,10.37,21.99,7.33,24.46,31.42,3.1,2023-08-09
-2.9831,104.7527,547.41,2.24,8.23,48.64,6.5,21.22,28.44,3.13,2023-08-09
-2.9831,104.7527,333.79,0.74,3.51,59.37,3.78,11.78,19.35,1.73,2023-08-09
-2.9831,104.7527,293.73,0.57,2.74,60.08,3.28,9.69,18.01,1.42,2023-08-09
-2.9831,104.7527,277.04,0.45,2.27,61.51,2.83,8.48,16.81,1.25,2023-08-09
-2.9831,104.7527,290.39,0.47,2.78,67.23,3.16,8.31,15.66,1.3,2023-08-09
-2.9831,104.7527,313.76,0.47,4.07,67.95,3.81,9.28,15.64,1.47,2023-08-09
-2.9831,104.7527,343.8,0.28,5.57,65.8,4.23,10.79,16.6,1.63,2023-08-09
-2.9831,104.7527,393.87,0.1,8.31,61.51,5.3,12.66,19.19,1.99,2023-08-09
-2.9831,104.7527,427.25,0.02,10.37,55.07,5.84,13.64,21.71,2.5,2023-08-09
-2.9831,104.7527,423.91,0,10.11,45.78,5.66,13.44,23.54,3.17,2023-08-09
-2.9831,104.7527,410.56,0,9.17,36.84,5.07,13.05,25.33,3.61,2023-08-09
-2.9831,104.7527,427.25,0.01,9.6,29.33,5.01,13.87,27.76,3.67,2023-08-09
-2.9831,104.7527,460.62,0.02,10.37,23.25,5.25,15.52,30.44,3.36,2023-08-09
-2.9831,104.7527,587.46,0.31,13.54,13.59,5.72,20,35.63,3.1,2023-08-09
-2.9831,104.7527,634.19,1.1,14.05,5.36,5.13,21.09,36.58,2.34,2023-08-09
-2.9831,104.7527,567.44,1.69,11.14,2.66,4.47,19.96,35.07,2.44,2023-08-09
-2.9831,104.7527,534.06,2.21,9.34,1.56,4.41,20.97,36.17,2.85,2023-08-09
-2.9831,104.7527,507.35,2.4,8.48,1.18,4.47,21.28,36.06,2.69,2023-08-09
-2.9831,104.7527,467.3,2.54,7.88,0.96,4.47,20.45,33.59,2.47,2023-08-09
-2.9831,104.7527,440.6,3.02,7.28,0.69,4.59,19.29,30.84,2.22,2023-08-09
-2.9831,104.7527,487.33,4.58,7.54,0.34,5.36,20.5,31.34,2.34,2023-08-09
-2.9831,104.7527,734.33,8.94,9.25,0.23,7.57,27.19,38.69,3.64,2023-08-10
-2.9831,104.7527,854.49,10.62,11.82,2.46,9.3,27.91,40.73,3.96,2023-08-10
-2.9831,104.7527,767.71,8.72,12,10.1,9.18,23.74,37.86,4.18,2023-08-10
-2.9831,104.7527,554.08,3.74,10.71,35.41,8.11,18.83,33.03,4.37,2023-08-10
-2.9831,104.7527,300.41,0.68,4.46,56.51,4.11,9.46,22.32,1.9,2023-08-10
-2.9831,104.7527,273.7,0.53,3.56,55.79,3.55,7.3,18.25,1.54,2023-08-10
-2.9831,104.7527,267.03,0.51,2.91,57.94,3.22,6.55,16.38,1.41,2023-08-10
-2.9831,104.7527,277.04,0.57,3.21,61.51,3.55,6.41,15.54,1.52,2023-08-10
-2.9831,104.7527,283.72,0.61,3.9,62.23,3.99,6.04,14.08,1.61,2023-08-10
-2.9831,104.7527,293.73,0.59,4.63,57.94,4.11,5.53,12.67,1.66,2023-08-10
-2.9831,104.7527,453.95,1.15,10.54,48.64,6.32,7.89,15.31,3.1,2023-08-10
-2.9831,104.7527,634.19,0.64,18.16,35.41,7.87,11.96,20.21,4.88,2023-08-10
-2.9831,104.7527,714.3,0,20.05,28.61,7.87,16.64,25.75,6.52,2023-08-10
-2.9831,104.7527,647.54,0,15.59,35.41,6.38,19.61,29.11,6.27,2023-08-10
-2.9831,104.7527,560.76,0,11.82,43.99,5.42,21.01,30.5,5.13,2023-08-10
-2.9831,104.7527,507.35,0,9.68,48.64,5.07,21.09,30.7,4.02,2023-08-10
-2.9831,104.7527,460.62,0,8.57,50.78,4.71,19.59,29.25,2.75,2023-08-10
-2.9831,104.7527,420.57,0,7.97,47.21,4.11,18.35,27.79,1.76,2023-08-10
-2.9831,104.7527,387.19,0,6.77,43.27,3.58,17.81,26.81,1.35,2023-08-10
-2.9831,104.7527,380.52,0,6.6,38.62,3.61,18.4,27.1,1.28,2023-08-10
-2.9831,104.7527,383.85,0,6.68,33.62,3.7,19.19,27.71,1.28,2023-08-10
-2.9831,104.7527,387.19,0.01,6.68,29.33,3.7,19.91,28.34,1.33,2023-08-10
-2.9831,104.7527,390.53,0.01,6.94,26.46,3.78,20.2,28.49,1.36,2023-08-10
-2.9831,104.7527,427.25,0.03,8.57,23.96,4.47,21.41,29.76,1.57,2023-08-10
-2.9831,104.7527,594.14,0.44,13.54,19.67,6.44,26.59,35.75,2.66,2023-08-11
-2.9831,104.7527,727.65,2.93,14.57,20.38,7.75,29.78,40,3.2,2023-08-11
-2.9831,104.7527,694.27,3.91,11.82,33.97,7.87,30.36,41.52,3.77,2023-08-11
-2.9831,104.7527,587.46,2.1,9,68.66,7.57,32.97,44.54,3.93,2023-08-11
-2.9831,104.7527,420.57,0.54,3.56,97.27,4.83,29.02,37.7,1.04,2023-08-11
-2.9831,104.7527,397.21,0.39,3.04,97.27,4.23,24.93,31.88,0.75,2023-08-11
-2.9831,104.7527,393.87,0.31,3.08,92.98,3.87,22.2,28.12,0.73,2023-08-11
-2.9831,104.7527,420.57,0.38,4.5,89.41,4.59,21.42,26.89,1.09,2023-08-11
-2.9831,104.7527,460.62,0.6,5.91,90.12,5.6,22.58,27.77,1.63,2023-08-11
-2.9831,104.7527,487.33,0.77,6.85,89.41,6.02,23.38,28.13,2.03,2023-08-11
-2.9831,104.7527,547.41,0.85,9.34,79.39,6.5,23.62,28.05,2.53,2023-08-11
-2.9831,104.7527,587.46,0.27,12.68,61.51,6.79,23.82,28.62,3.2,2023-08-11
-2.9831,104.7527,587.46,0,12.68,55.07,6.44,27.35,33.37,3.96,2023-08-11
-2.9831,104.7527,554.08,0,9.77,65.8,5.25,33.52,40.87,3.86,2023-08-11
-2.9831,104.7527,534.06,0,7.88,77.25,4.71,39.59,48.13,3.42,2023-08-11
-2.9831,104.7527,507.35,0,7.11,80.82,4.59,41.56,51.68,3.07,2023-08-11
-2.9831,104.7527,480.65,0,7.37,77.25,4.65,39.23,50.13,2.66,2023-08-11
-2.9831,104.7527,433.92,0,7.28,69.38,4.35,36.03,46.65,1.87,2023-08-11
-2.9831,104.7527,383.85,0,5.57,63.66,3.43,34.04,44.05,1.35,2023-08-11
-2.9831,104.7527,370.5,0,5.18,57.22,3.25,33.82,43.42,1.22,2023-08-11
-2.9831,104.7527,373.84,0,5.36,50.07,3.28,33.97,43.4,1.17,2023-08-11
-2.9831,104.7527,377.18,0,5.57,43.99,3.28,34.12,43.37,1.16,2023-08-11
-2.9831,104.7527,383.85,0,5.74,39.7,3.25,34.07,43.14,1.16,2023-08-11
-2.9831,104.7527,413.89,0,6.77,37.19,3.67,34.83,43.95,1.31,2023-08-11
-2.9831,104.7527,534.06,0.15,10.11,33.97,4.95,38.23,48.02,2.06,2023-08-12
-2.9831,104.7527,614.17,0.78,11.82,32.9,5.66,39.58,49.6,2.37,2023-08-12
-2.9831,104.7527,587.46,1.61,9.42,42.56,5.54,39.33,49.23,2.69,2023-08-12
-2.9831,104.7527,514.03,1.09,6.43,68.66,5.19,40.97,50.61,2.82,2023-08-12
-2.9831,104.7527,467.3,0.31,2.72,114.44,3.93,49.89,58.89,1.25,2023-08-12
-2.9831,104.7527,467.3,0.24,2.36,118.73,3.99,50.3,57.97,0.93,2023-08-12
-2.9831,104.7527,453.95,0.21,2.33,114.44,3.99,48.58,55.15,0.85,2023-08-12
-2.9831,104.7527,447.27,0.24,2.83,111.58,4.41,48.32,54.21,0.87,2023-08-12
-2.9831,104.7527,447.27,0.24,3.43,110.15,4.77,48.94,54.37,0.86,2023-08-12
-2.9831,104.7527,453.95,0.2,4.07,107.29,5.01,50.85,56.4,0.81,2023-08-12
-2.9831,104.7527,467.3,0.16,6.25,100.14,6.02,53.66,60.26,1.03,2023-08-12
-2.9831,104.7527,467.3,0.03,8.05,88.69,6.44,51.23,58.62,1.49,2023-08-12
-2.9831,104.7527,433.92,0,7.97,78.68,5.78,43.07,49.92,2.06,2023-08-12
-2.9831,104.7527,397.21,0,6.51,75.82,4.71,36.33,42.98,2.12,2023-08-12
-2.9831,104.7527,393.87,0,6,74.39,4.35,35.02,42.95,2.12,2023-08-12
-2.9831,104.7527,407.22,0,6.08,71.53,4.29,35.58,44.84,2.12,2023-08-12
-2.9831,104.7527,423.91,0,6.68,65.09,4.23,35.73,45.51,1.98,2023-08-12
-2.9831,104.7527,397.21,0,6.34,57.94,3.61,33.65,43.06,1.38,2023-08-12
-2.9831,104.7527,363.83,0,5.31,51.5,3.01,31.09,39.77,1.11,2023-08-12
-2.9831,104.7527,353.81,0,5.23,44.35,2.95,29.36,37.43,1.09,2023-08-12
-2.9831,104.7527,353.81,0,5.48,37.19,3.04,28.38,36.08,1.14,2023-08-12
-2.9831,104.7527,353.81,0,5.74,31.47,3.13,27.87,35.42,1.19,2023-08-12
-2.9831,104.7527,357.15,0.01,6.08,27.54,3.22,27.51,35.06,1.2,2023-08-12
-2.9831,104.7527,387.19,0.02,7.54,25.39,3.87,29.33,37.37,1.38,2023-08-12
-2.9831,104.7527,527.38,0.25,11.82,23.6,5.54,35.79,45.29,2.22,2023-08-13
-2.9831,104.7527,620.84,0.81,13.88,24.68,6.56,40.43,51.67,2.56,2023-08-13
-2.9831,104.7527,580.79,1.55,10.97,32.54,6.44,41.24,53.82,2.98,2023-08-13
-2.9831,104.7527,480.65,1.15,7.54,52.21,5.9,41.74,55.07,2.91,2023-08-13
-2.9831,104.7527,387.19,0.29,2.96,95.84,4.59,39.66,52,0.76,2023-08-13
-2.9831,104.7527,360.49,0.22,2.4,97.27,3.87,32.76,41.88,0.68,2023-08-13
-2.9831,104.7527,350.48,0.2,2.25,92.98,3.28,27.5,34.22,0.75,2023-08-13
-2.9831,104.7527,350.48,0.21,2.78,90.84,3.25,21.96,26.67,1.04,2023-08-13
-2.9831,104.7527,353.81,0.19,3.43,88.69,3.34,17.65,21.14,1.31,2023-08-13
-2.9831,104.7527,357.15,0.13,3.9,88.69,3.31,14.71,17.7,1.41,2023-08-13
-2.9831,104.7527,377.18,0.12,5.1,90.12,3.73,14.56,17.73,1.55,2023-08-13
-2.9831,104.7527,403.88,0.05,6.43,87.98,4.11,16.18,19.91,1.9,2023-08-13
-2.9831,104.7527,407.22,0,6.51,82.25,3.93,17.34,21.72,2.44,2023-08-13
-2.9831,104.7527,380.52,0,5.44,75.82,3.31,17.35,23.17,2.6,2023-08-13
-2.9831,104.7527,360.49,0,5.01,67.23,3.1,16.42,23.79,2.53,2023-08-13
-2.9831,104.7527,353.81,0,5.14,58.65,3.13,15.58,23.58,2.5,2023-08-13
-2.9831,104.7527,367.16,0,5.91,50.78,3.31,15.46,23.37,2.34,2023-08-13
-2.9831,104.7527,353.81,0,6.08,44.35,3.07,14.86,22.29,1.73,2023-08-13
-2.9831,104.7527,343.8,0,6.17,38.62,3.22,15.31,22.38,1.6,2023-08-13
-2.9831,104.7527,347.14,0,6.6,34.69,3.61,16.73,23.71,1.6,2023-08-13
-2.9831,104.7527,343.8,0,6.6,33.62,3.81,18.18,25.11,1.47,2023-08-13
-2.9831,104.7527,340.46,0,6.51,34.33,3.93,20.2,27.13,1.35,2023-08-13
-2.9831,104.7527,350.48,0,6.6,35.05,4.11,23.37,30.61,1.35,2023-08-13
-2.9831,104.7527,397.21,0.01,7.63,32.19,4.59,27.55,35.45,1.66,2023-08-13
-2.9831,104.7527,514.03,0.2,10.54,26.11,5.72,31.88,40.65,2.5,2023-08-14
-2.9831,104.7527,574.11,1.52,10.11,26.82,6.08,30.4,39.46,2.79,2023-08-14
-2.9831,104.7527,534.06,1.9,8.23,40.77,6.14,27.26,36.21,2.94,2023-08-14
-2.9831,104.7527,467.3,1.17,6.34,65.8,6.14,26.46,35.21,2.82,2023-08-14
-2.9831,104.7527,417.23,0.43,3.51,92.98,4.59,30.13,37.53,1.55,2023-08-14
-2.9831,104.7527,397.21,0.3,3.13,92.98,4.05,26.48,32.36,1.25,2023-08-14
-2.9831,104.7527,383.85,0.23,3.04,87.98,3.61,22.55,27.43,1.16,2023-08-14
-2.9831,104.7527,387.19,0.2,3.77,81.54,3.76,19.58,23.66,1.31,2023-08-14
-2.9831,104.7527,387.19,0.2,4.5,76.53,4.11,17.88,21.34,1.49,2023-08-14
-2.9831,104.7527,390.53,0.17,5.14,71.53,4.23,16.3,19.41,1.65,2023-08-14
-2.9831,104.7527,687.6,0.52,16.11,52.21,7.33,20.69,24.58,4.12,2023-08-14
-2.9831,104.7527,1201.63,0.64,33.24,23.25,10.73,31.33,36.98,6.21,2023-08-14
-2.9831,104.7527,1668.93,2.85,40.78,4.52,12.04,46.35,54.24,5.45,2023-08-14
-2.9831,104.7527,1668.93,4.47,34.96,1.81,10.61,52.26,62,5.19,2023-08-14
-2.9831,104.7527,1348.5,1.63,29.47,5.01,8.94,46.32,56.59,4.56,2023-08-14
-2.9831,104.7527,1014.71,0.27,23.65,12.52,8.11,36.55,46.29,4.24,2023-08-14
-2.9831,104.7527,841.14,0.23,21.25,13.95,7.75,30.27,39.14,3.86,2023-08-14
-2.9831,104.7527,854.49,0.87,21.76,6.35,6.97,29.94,38.31,2.82,2023-08-14
-2.9831,104.7527,781.06,1.4,18.68,3.35,6.14,28.52,36.53,2.79,2023-08-14
-2.9831,104.7527,781.06,2.21,16.62,1.56,6.32,31.82,40.07,3.32,2023-08-14
-2.9831,104.7527,814.44,3.49,15.42,0.55,6.85,36.38,44.63,3.32,2023-08-14
-2.9831,104.7527,847.82,5.03,14.74,0.16,7.51,40.61,48.34,3.2,2023-08-14
-2.9831,104.7527,881.2,6.76,14.22,0.06,7.99,43.8,50.46,3.04,2023-08-14
-2.9831,104.7527,934.6,8.61,13.54,0.06,8.11,46.82,53.13,3.1,2023-08-14
-2.9831,104.7527,1134.87,11.85,13.88,0.35,9.42,52.35,59.22,4.43,2023-08-15
-2.9831,104.7527,1201.63,13.3,15.94,3.89,11.44,49.2,56.3,4.62,2023-08-15
-2.9831,104.7527,1054.76,9.72,18.85,9.39,12.04,41.62,49.12,4.24,2023-08-15
-2.9831,104.7527,741,3.41,19.02,16.45,10.85,31.66,38.9,4.12,2023-08-15
-2.9831,104.7527,467.3,0.38,7.45,69.38,6.02,35.67,39.88,1.57,2023-08-15
-2.9831,104.7527,440.6,0.42,4.41,87.26,4.95,38.5,42.06,1.2,2023-08-15
-2.9831,104.7527,420.57,0.4,3.17,92.98,4.29,38.16,41.43,1.06,2023-08-15
-2.9831,104.7527,433.92,0.5,3.86,95.84,4.77,37.87,40.85,1.36,2023-08-15
-2.9831,104.7527,453.95,0.64,5.74,90.12,5.96,35.47,38.11,1.8,2023-08-15
-2.9831,104.7527,453.95,0.71,7.8,74.39,6.5,28.3,30.47,2.06,2023-08-15
-2.9831,104.7527,847.82,1.63,21.42,41.48,8.94,28.68,32.02,4.81,2023-08-15
-2.9831,104.7527,1548.77,5.59,38.04,6.88,12.16,40.2,46.21,6.46,2023-08-15
-2.9831,104.7527,2243.04,20.56,33.24,0.02,14.07,61.24,70.37,6.9,2023-08-15
-2.9831,104.7527,2857.21,37.55,23.31,0,14.19,90.19,103.76,8.49,2023-08-15
-2.9831,104.7527,3578.19,55.43,17.14,0,15.02,131.68,150.27,11.02,2023-08-15
-2.9831,104.7527,4005.43,63.48,16.62,0,16.21,165.62,186.7,14.19,2023-08-15
-2.9831,104.7527,3845.21,59.9,18.85,0,15.26,170.42,186.55,13.05,2023-08-15
-2.9831,104.7527,3364.56,53.2,17.65,0,9.89,155.22,164.43,5.19,2023-08-15
-2.9831,104.7527,2696.99,42.92,14.74,0,6.5,131.04,135.44,2.53,2023-08-15
-2.9831,104.7527,934.6,2.6,23.31,3.49,6.68,46.85,49.16,1.6,2023-08-15
-2.9831,104.7527,640.87,0.25,15.77,8.58,5.48,32.64,34.81,1.65,2023-08-15
-2.9831,104.7527,554.08,0.14,12.17,11.8,5.07,27.51,29.63,1.66,2023-08-15
-2.9831,104.7527,520.71,0.09,10.97,14.84,5.13,25.48,27.59,1.66,2023-08-15
-2.9831,104.7527,527.38,0.07,11.65,17.52,5.78,26,28.3,1.9,2023-08-15
-2.9831,104.7527,667.57,0.25,15.77,15.91,7.63,31.34,34.5,3.13,2023-08-16
-2.9831,104.7527,867.84,2.71,20.39,14.13,10.49,37.37,41.89,4.12,2023-08-16
-2.9831,104.7527,894.55,5.03,19.88,25.39,11.56,38.85,45.02,4.37,2023-08-16
-2.9831,104.7527,707.63,3.05,14.91,60.8,10.37,37.43,44.43,4.24,2023-08-16
-2.9831,104.7527,467.3,0.54,4.84,103,5.42,40.7,45.73,1.41,2023-08-16
-2.9831,104.7527,453.95,0.25,3.77,107.29,4.65,41.5,45.82,0.89,2023-08-16
-2.9831,104.7527,467.3,0.11,3.81,105.86,4.53,44.96,49.05,0.63,2023-08-16
-2.9831,104.7527,494,0.03,5.14,103,5.48,49.89,53.53,0.7,2023-08-16
-2.9831,104.7527,527.38,0.07,6.68,98.71,6.79,54.86,57.98,0.99,2023-08-16
-2.9831,104.7527,554.08,0.1,7.8,97.27,7.57,57.41,60.15,1.25,2023-08-16
-2.9831,104.7527,707.63,0.2,14.22,85.83,8.94,57.66,61.02,2.75,2023-08-16
-2.9831,104.7527,974.66,0.09,24.68,62.94,10.73,59.13,64.16,5,2023-08-16
-2.9831,104.7527,1188.28,0,31.19,43.99,11.92,63.66,70.72,7.03,2023-08-16
-2.9831,104.7527,1121.52,0,27.08,37.91,10.49,62.46,71.54,7.03,2023-08-16
-2.9831,104.7527,881.2,0,19.36,39.7,8.23,54.45,64.35,5.51,2023-08-16
-2.9831,104.7527,707.63,0,14.74,40.77,6.97,46.73,56.44,4.31,2023-08-16
-2.9831,104.7527,607.49,0,12.85,39.7,6.2,40.69,49.86,3.17,2023-08-16
-2.9831,104.7527,534.06,0,11.14,35.76,5.07,36.02,44.4,1.93,2023-08-16
-2.9831,104.7527,460.62,0,8.91,32.54,4.11,32.72,40.44,1.47,2023-08-16
-2.9831,104.7527,440.6,0.01,8.31,27.54,3.93,31.71,39.21,1.54,2023-08-16
-2.9831,104.7527,440.6,0.02,8.57,22.71,4.05,31.55,39.17,1.6,2023-08-16
-2.9831,104.7527,440.6,0.04,8.74,18.95,4.17,31.55,39.26,1.65,2023-08-16
-2.9831,104.7527,447.27,0.08,9.25,16.09,4.47,31.79,39.61,1.66,2023-08-16
-2.9831,104.7527,500.68,0.15,11.82,13.59,5.48,33.97,42.31,1.98,2023-08-16
-2.9831,104.7527,707.63,0.73,17.31,12.34,7.63,40.74,50.74,3.23,2023-08-17
-2.9831,104.7527,801.09,3.91,16.96,23.25,9.66,43.27,54.58,3.55,2023-08-17
-2.9831,104.7527,747.68,4.19,13.71,42.92,9.42,43.89,56.21,3.58,2023-08-17
-2.9831,104.7527,574.11,1.66,8.57,77.96,7.63,44.14,56.02,3.2,2023-08-17
-2.9831,104.7527,433.92,0.46,3.6,98.71,4.77,40.88,49.87,1.35,2023-08-17
-2.9831,104.7527,400.54,0.33,3.3,97.27,4.35,35.56,42.44,1.03,2023-08-17
-2.9831,104.7527,383.85,0.22,3.43,91.55,3.93,32.65,38.45,0.97,2023-08-17
-2.9831,104.7527,397.21,0.26,4.84,87.26,4.59,31.11,35.77,1.28,2023-08-17
-2.9831,104.7527,420.57,0.47,6,89.41,5.6,30.29,34.05,1.69,2023-08-17
-2.9831,104.7527,440.6,0.64,6.68,91.55,5.96,28.98,32.35,1.95,2023-08-17
-2.9831,104.7527,1375.2,4.02,32.22,53.64,11.56,47.9,54.23,7.73,2023-08-17
-2.9831,104.7527,2857.21,15.65,57.58,7.15,17.4,84.79,95.78,11.02,2023-08-17
-2.9831,104.7527,4486.08,50.96,50.72,0,20.98,141.52,157.35,11.65,2023-08-17
-2.9831,104.7527,5767.82,82.25,41.81,0,20.27,204.46,224.29,10.51,2023-08-17
-2.9831,104.7527,6515.5,103.71,34.27,0,17.64,259.24,281.26,8.74,2023-08-17
-2.9831,104.7527,6515.5,107.29,34.62,0,15.97,284.07,303.8,7.98,2023-08-17
-2.9831,104.7527,2777.1,19.22,69.92,0.02,21.93,129.73,138.57,4.31,2023-08-17
-2.9831,104.7527,2403.26,13.08,67.86,0.02,21.22,114.89,121.81,3.61,2023-08-17
-2.9831,104.7527,2002.72,9.05,54.84,0.11,16.93,102.64,108.62,2.98,2023-08-17
-2.9831,104.7527,1602.17,3.19,39.76,1.25,11.44,88.12,93.64,2.69,2023-08-17
-2.9831,104.7527,1268.39,0.53,26.73,5.68,7.87,74.66,79.77,2.41,2023-08-17
-2.9831,104.7527,988.01,0.15,18.16,10.28,6.08,61.85,66.52,2.15,2023-08-17
-2.9831,104.7527,794.41,0.12,14.05,12.34,5.36,51.23,55.51,1.93,2023-08-17
-2.9831,104.7527,700.95,0.17,13.02,12.34,5.48,44.64,48.84,2.06,2023-08-17
-2.9831,104.7527,801.09,0.8,15.77,11.27,6.85,44.68,49.63,3.13,2023-08-18
-2.9831,104.7527,807.76,2.99,15.25,25.03,8.23,40.45,46.25,3.2,2023-08-18
-2.9831,104.7527,741,2.99,13.19,43.63,8.11,38.07,44.93,3.45,2023-08-18
-2.9831,104.7527,594.14,1.41,9.25,67.23,7.03,35.95,43.38,3.7,2023-08-18
-2.9831,104.7527,400.54,0.41,3.73,87.98,4.05,27.35,33.33,1.42,2023-08-18
-2.9831,104.7527,373.84,0.32,3.3,92.98,3.87,22.62,27.33,0.97,2023-08-18
-2.9831,104.7527,367.16,0.3,3.3,92.98,3.93,20.99,24.87,0.89,2023-08-18
-2.9831,104.7527,447.27,0.64,8.23,92.98,7.51,23.7,27.31,2.03,2023-08-18
-2.9831,104.7527,554.08,0.75,14.22,87.98,11.32,27.82,31.44,3.23,2023-08-18
-2.9831,104.7527,620.84,0.44,18.68,71.53,12.64,29.68,33.17,3.77,2023-08-18
-2.9831,104.7527,687.6,0.16,22.62,52.21,12.16,31.49,35.15,4.18,2023-08-18
-2.9831,104.7527,761.03,0.05,26.05,39.34,11.92,34.48,38.65,4.5,2023-08-18
-2.9831,104.7527,807.76,0,27.76,30.76,12.04,38.07,43.07,4.62,2023-08-18
-2.9831,104.7527,734.33,0,23.31,28.97,10.13,39.02,45.43,4.37,2023-08-18
-2.9831,104.7527,674.25,0,18.85,28.61,8.23,38.5,46.26,4.31,2023-08-18
-2.9831,104.7527,660.9,0.01,16.62,27.18,7.45,37.94,46.75,4.24,2023-08-18
-2.9831,104.7527,647.54,0.01,15.77,24.68,6.91,35.59,44.74,3.61,2023-08-18
-2.9831,104.7527,520.71,0.01,12.68,24.68,5.54,29.29,37.84,2.12,2023-08-18
-2.9831,104.7527,377.18,0,8.23,27.54,3.87,24.5,32.38,1.35,2023-08-18
-2.9831,104.7527,327.11,0,6.34,29.68,3.28,24.34,32.15,1.23,2023-08-18
-2.9831,104.7527,327.11,0,5.83,32.54,3.25,27.54,35.85,1.23,2023-08-18
-2.9831,104.7527,350.48,0,5.48,37.91,3.22,34.91,44.43,1.25,2023-08-18
-2.9831,104.7527,407.22,0,5.4,45.42,3.25,47.68,58.73,1.35,2023-08-18
-2.9831,104.7527,500.68,0,6.25,50.78,3.67,64.16,76.37,1.68,2023-08-18
-2.9831,104.7527,640.87,0.08,8.74,45.78,4.65,74.33,87.09,2.53,2023-08-19
-2.9831,104.7527,647.54,0.94,8.31,38.98,4.71,63.59,75.44,2.63,2023-08-19
-2.9831,104.7527,560.76,1.15,6.85,42.92,4.53,45.11,55.34,2.53,2023-08-19
-2.9831,104.7527,447.27,0.61,5.57,52.93,4.23,29.16,37.91,2.41,2023-08-19
-2.9831,104.7527,357.15,0.17,3.34,74.39,3.04,24.06,30.54,1.35,2023-08-19
-2.9831,104.7527,343.8,0.12,3.17,80.11,3.16,22.89,27.92,1.12,2023-08-19
-2.9831,104.7527,340.46,0.09,3.26,79.39,3.28,23.06,27.56,1.12,2023-08-19
-2.9831,104.7527,360.49,0.19,4.76,77.25,4.47,24.26,28.24,1.41,2023-08-19
-2.9831,104.7527,373.84,0.22,6.08,74.39,5.54,25.73,29.14,1.58,2023-08-19
-2.9831,104.7527,377.18,0.18,6.34,70.81,5.48,26.99,29.82,1.47,2023-08-19
-2.9831,104.7527,560.76,0.14,13.54,51.5,6.85,31.81,35.08,2.56,2023-08-19
-2.9831,104.7527,947.95,0.09,28.45,24.32,10.25,41.1,45.31,3.51,2023-08-19
-2.9831,104.7527,1522.06,0.8,44.55,7.24,13.71,55.67,60.74,3.86,2023-08-19
-2.9831,104.7527,1789.09,1.73,47.3,3.17,14.07,65.77,71.31,3.93,2023-08-19
-2.9831,104.7527,1869.2,2.46,42.16,1.39,12.87,73.11,79.18,3.89,2023-08-19
-2.9831,104.7527,1682.28,1.62,32.22,2.37,10.13,72.59,78.54,3.51,2023-08-19
-2.9831,104.7527,961.3,0.03,18.51,19.31,6.91,49.63,53.3,2.15,2023-08-19
-2.9831,104.7527,660.9,0,12.34,24.32,5.25,38.07,40.77,1.49,2023-08-19
-2.9831,104.7527,500.68,0,9.42,26.82,4.47,32.12,34.2,1.2,2023-08-19
-2.9831,104.7527,420.57,0,7.63,28.25,3.93,28.94,30.7,1.17,2023-08-19
-2.9831,104.7527,397.21,0.01,7.37,25.03,3.93,27.79,29.46,1.22,2023-08-19
-2.9831,104.7527,393.87,0.02,7.71,20.03,4.05,27.61,29.13,1.25,2023-08-19
-2.9831,104.7527,393.87,0.05,8.23,15.74,4.23,27.56,28.98,1.28,2023-08-19
-2.9831,104.7527,407.22,0.11,8.74,13.23,4.47,27.51,29.05,1.49,2023-08-19
-2.9831,104.7527,494,0.33,10.45,12.52,5.19,29.07,31.26,2.37,2023-08-20
-2.9831,104.7527,600.81,0.99,12.51,16.99,6.14,30.38,33.35,2.82,2023-08-20
-2.9831,104.7527,580.79,1.84,10.88,34.69,6.38,30.47,33.95,2.47,2023-08-20
-2.9831,104.7527,487.33,1.2,7.03,67.23,5.72,32.59,36.52,2.12,2023-08-20
-2.9831,104.7527,393.87,0.35,2.83,91.55,3.52,36.02,40.93,1.11,2023-08-20
-2.9831,104.7527,373.84,0.21,2.48,87.26,2.92,30.09,33.93,1.01,2023-08-20
-2.9831,104.7527,357.15,0.09,2.59,80.11,2.56,25.84,28.82,1.01,2023-08-20
-2.9831,104.7527,380.52,0.04,4.54,72.24,3.52,25.55,28.06,1.39,2023-08-20
-2.9831,104.7527,423.91,0.05,7.2,63.66,4.83,26.35,28.73,1.98,2023-08-20
-2.9831,104.7527,460.62,0.06,9.17,57.22,5.42,25.37,27.91,2.37,2023-08-20
-2.9831,104.7527,654.22,0.09,16.28,43.99,6.56,26.69,30.05,3.48,2023-08-20
-2.9831,104.7527,1014.71,0.06,27.42,24.32,8.46,33.76,38.62,4.88,2023-08-20
-2.9831,104.7527,1281.74,0.44,32.22,11.27,9.3,43.92,50.62,5.7,2023-08-20
-2.9831,104.7527,1308.44,0.63,29.47,8.31,8.7,50.77,59.76,5.95,2023-08-20
-2.9831,104.7527,1201.63,0.42,24.68,9.03,7.87,51.97,62.65,5.64,2023-08-20
-2.9831,104.7527,1094.82,0.42,21.08,8.58,7.15,50.23,61.97,5.26,2023-08-20
-2.9831,104.7527,1001.36,0.56,19.19,7.24,6.56,46.15,57.81,4.24,2023-08-20
-2.9831,104.7527,854.49,0.62,16.28,5.72,5.3,38.98,49.53,2.69,2023-08-20
-2.9831,104.7527,727.65,0.78,13.71,4.56,4.89,34.3,43.57,2.28,2023-08-20
-2.9831,104.7527,647.54,0.71,12,4.52,4.59,32.53,39.55,2.12,2023-08-20
-2.9831,104.7527,587.46,0.54,10.97,5.5,4.47,31.79,37.3,1.98,2023-08-20
-2.9831,104.7527,547.41,0.37,10.71,7.24,4.59,32.01,36.65,1.82,2023-08-20
-2.9831,104.7527,527.38,0.24,11.14,9.57,4.89,33.47,38.01,1.71,2023-08-20
-2.9831,104.7527,540.73,0.21,12,11.44,5.3,36.06,41.12,1.84,2023-08-20
-2.9831,104.7527,660.9,0.52,15.25,12.16,6.68,42.14,48.39,2.79,2023-08-21
-2.9831,104.7527,694.27,1.31,15.77,16.81,7.39,44.31,51.27,2.82,2023-08-21
-2.9831,104.7527,627.52,2.24,11.82,29.68,6.91,44.56,51.48,2.94,2023-08-21
-2.9831,104.7527,514.03,1.38,7.88,58.65,6.08,43.91,50.43,2.98,2023-08-21
-2.9831,104.7527,367.16,0.38,3.3,87.26,3.73,35.73,41.97,1.35,2023-08-21
-2.9831,104.7527,340.46,0.25,3.08,83.68,3.4,29.37,34.63,1.17,2023-08-21
-2.9831,104.7527,323.77,0.14,3.21,75.82,3.07,23.8,27.89,1.2,2023-08-21
-2.9831,104.7527,347.14,0.32,5.4,70.1,4.47,19.9,23.07,1.77,2023-08-21
-2.9831,104.7527,380.52,0.75,7.2,70.81,6.14,16.84,19.58,2.34,2023-08-21
-2.9831,104.7527,403.88,1.15,8.14,67.95,6.74,13.25,15.96,2.6,2023-08-21
-2.9831,104.7527,534.06,1.76,12.51,51.5,7.39,13.25,16.71,3.23,2023-08-21
-2.9831,104.7527,747.68,1.06,21.25,25.39,8.46,17.18,22.03,4.02,2023-08-21
-2.9831,104.7527,907.9,0.94,25.36,7.96,9.3,23.47,29.96,4.5,2023-08-21
-2.9831,104.7527,847.82,1.27,20.56,5.19,8.11,25.36,33.42,4.02,2023-08-21
-2.9831,104.7527,660.9,0.46,15.25,9.21,6.38,22,31.06,3.39,2023-08-21
-2.9831,104.7527,534.06,0.11,11.65,16.09,5.42,18.99,29.19,2.85,2023-08-21
-2.9831,104.7527,447.27,0.03,9.51,22.71,4.83,17.52,28.43,2.12,2023-08-21
-2.9831,104.7527,403.88,0.02,8.48,23.6,4.11,17.87,28.54,1.38,2023-08-21
-2.9831,104.7527,367.16,0.02,6.94,24.68,3.55,19.76,29.75,1.17,2023-08-21
-2.9831,104.7527,363.83,0.02,6.6,24.68,3.55,23.31,32.78,1.23,2023-08-21
-2.9831,104.7527,377.18,0.02,6.6,24.32,3.7,27.17,36.45,1.31,2023-08-21
-2.9831,104.7527,387.19,0.02,6.77,23.25,3.76,30.95,39.82,1.39,2023-08-21
-2.9831,104.7527,403.88,0.03,7.2,22.17,3.93,34.79,43.48,1.44,2023-08-21
-2.9831,104.7527,453.95,0.04,8.74,21.46,4.59,40.14,49.18,1.68,2023-08-21
-2.9831,104.7527,634.19,0.39,13.37,20.74,6.44,50.82,61.37,2.79,2023-08-22
-2.9831,104.7527,747.68,2.85,13.02,28.61,7.51,57.76,70.31,3.07,2023-08-22
-2.9831,104.7527,694.27,2.93,10.88,48.64,7.39,59.69,73.81,3.2,2023-08-22
-2.9831,104.7527,574.11,1.34,7.8,80.82,6.79,59.15,73.73,3.39,2023-08-22
-2.9831,104.7527,427.25,0.39,3.13,101.57,3.93,42.71,54.44,1.76,2023-08-22
-2.9831,104.7527,390.53,0.32,2.36,94.41,3.13,33.42,42.77,1.41,2023-08-22
-2.9831,104.7527,353.81,0.29,1.97,81.54,2.53,24.26,32.01,1.28,2023-08-22
-2.9831,104.7527,330.45,0.33,2.14,74.39,2.5,16.31,23.19,1.35,2023-08-22
-2.9831,104.7527,310.42,0.36,2.57,65.8,2.62,11.73,18.44,1.41,2023-08-22
-2.9831,104.7527,293.73,0.35,3,53.64,2.56,8.54,14.73,1.41,2023-08-22
-2.9831,104.7527,290.39,0.41,4.16,41.84,2.95,7.17,12.87,1.54,2023-08-22
-2.9831,104.7527,297.07,0.17,5.65,32.54,3.31,7.23,12.52,1.73,2023-08-22
-2.9831,104.7527,303.75,0.01,5.91,28.61,3.34,8.45,13.58,2.06,2023-08-22
-2.9831,104.7527,293.73,0.01,5.18,28.61,3.07,9.46,14.54,2.06,2023-08-22
-2.9831,104.7527,293.73,0.01,5.18,28.61,3.16,10.39,15.63,1.99,2023-08-22
-2.9831,104.7527,307.08,0.01,5.48,29.33,3.4,11.92,17.44,1.87,2023-08-22
-2.9831,104.7527,337.12,0.01,6.6,31.47,3.99,14.98,20.74,1.66,2023-08-22
-2.9831,104.7527,337.12,0,6.6,35.76,4.11,19.2,24.93,1.09,2023-08-22
-2.9831,104.7527,343.8,0,5.74,42.92,4.11,26.78,32.53,0.89,2023-08-22
-2.9831,104.7527,370.5,0,5.74,45.42,4.23,35.38,41.43,0.95,2023-08-22
-2.9831,104.7527,393.87,0,6.17,42.92,4.29,41.35,47.7,1.04,2023-08-22
-2.9831,104.7527,407.22,0,6.51,37.91,4.29,44.81,51.25,1.14,2023-08-22
-2.9831,104.7527,417.23,0,7.11,33.62,4.41,46.39,52.73,1.22,2023-08-22
-2.9831,104.7527,453.95,0.01,8.57,29.68,5.01,47.22,53.82,1.47,2023-08-22
-2.9831,104.7527,587.46,0.27,12.51,24.32,6.62,49.98,57.74,2.53,2023-08-23
-2.9831,104.7527,680.92,2.32,12.34,25.03,7.51,49.74,58.84,2.98,2023-08-23
-2.9831,104.7527,627.52,2.15,10.54,35.76,7.09,46.32,56.38,3.29,2023-08-23
-2.9831,104.7527,527.38,0.82,8.57,49.35,6.32,43.17,53.29,3.32,2023-08-23
-2.9831,104.7527,413.89,0.11,4.07,82.97,3.76,36.13,43.6,1.44,2023-08-23
-2.9831,104.7527,373.84,0.09,3.47,77.96,3.1,25.57,30.32,1.12,2023-08-23
-2.9831,104.7527,347.14,0.09,3.13,72.96,2.71,18.37,22.28,1,2023-08-23
-2.9831,104.7527,327.11,0.01,3.86,67.23,3.01,11.5,14.84,1.06,2023-08-23
-2.9831,104.7527,313.76,0.01,4.46,60.08,3.49,7.35,9.77,1.09,2023-08-23
-2.9831,104.7527,307.08,0.01,4.84,53.64,3.87,5.25,6.88,1.08,2023-08-23
-2.9831,104.7527,320.43,0.02,6.51,46.49,4.83,5.18,6.83,1.36,2023-08-23
-2.9831,104.7527,347.14,0.02,8.31,39.7,5.36,6.51,8.63,1.85,2023-08-23
-2.9831,104.7527,357.15,0,8.57,36.84,5.25,8.68,11.26,2.44,2023-08-23
-2.9831,104.7527,350.48,0,7.37,38.98,4.59,11.36,14.5,2.44,2023-08-23
-2.9831,104.7527,377.18,0,7.03,44.35,4.77,16.78,20.42,2.28,2023-08-23
-2.9831,104.7527,433.92,0,7.28,52.93,5.6,27.62,31.58,2.12,2023-08-23
-2.9831,104.7527,514.03,0,8.57,57.94,6.44,40.74,45.09,1.99,2023-08-23
-2.9831,104.7527,527.38,0,8.57,57.94,5.96,49.78,54.49,1.38,2023-08-23
-2.9831,104.7527,507.35,0,7.37,55.79,5.13,56.48,61.72,1.16,2023-08-23
-2.9831,104.7527,500.68,0,6.94,52.21,4.77,60.89,67.1,1.22,2023-08-23
-2.9831,104.7527,494,0,6.94,47.92,4.59,63.11,70.43,1.25,2023-08-23
-2.9831,104.7527,487.33,0,6.94,43.99,4.41,63.22,71.64,1.27,2023-08-23
-2.9831,104.7527,480.65,0,7.28,40.05,4.47,61.7,71.13,1.28,2023-08-23
-2.9831,104.7527,500.68,0,8.83,37.19,5.13,60.16,70.54,1.54,2023-08-23
-2.9831,104.7527,627.52,0.14,13.37,32.54,6.91,61.06,72.88,2.56,2023-08-24
-2.9831,104.7527,727.65,1.84,14.74,32.54,8.11,59.98,73.06,3.17,2023-08-24
-2.9831,104.7527,707.63,2.6,13.19,44.35,8.46,57.17,71.19,3.77,2023-08-24
-2.9831,104.7527,594.14,1.59,10.37,68.66,8.11,52.98,66.42,3.96,2023-08-24
-2.9831,104.7527,407.22,0.51,4.41,88.69,4.59,34.11,41.69,1.96,2023-08-24
-2.9831,104.7527,357.15,0.37,3.3,85.83,3.67,24.05,28.21,1.41,2023-08-24
-2.9831,104.7527,340.46,0.3,2.87,82.25,3.16,18.23,20.77,1.17,2023-08-24
-2.9831,104.7527,343.8,0.31,3.17,83.68,3.34,15,16.92,1.16,2023-08-24
-2.9831,104.7527,347.14,0.33,3.6,84.4,3.73,14.7,16.64,1.19,2023-08-24
-2.9831,104.7527,350.48,0.33,3.9,82.25,3.87,15.19,17.45,1.2,2023-08-24
-2.9831,104.7527,390.53,0.5,7.2,70.81,5.6,15.17,17.92,1.74,2023-08-24
-2.9831,104.7527,433.92,0.2,10.88,53.64,6.56,14.54,17.72,2.41,2023-08-24
-2.9831,104.7527,440.6,0,11.65,42.56,6.32,14.54,18.04,2.98,2023-08-24
-2.9831,104.7527,423.91,0,9.85,39.7,5.36,15.22,19.37,2.98,2023-08-24
-2.9831,104.7527,413.89,0,9.08,37.19,4.95,16.39,21.44,2.85,2023-08-24
-2.9831,104.7527,420.57,0,9,32.9,4.89,17.63,23.4,2.72,2023-08-24
-2.9831,104.7527,494,0.02,11.14,26.11,5.25,20.83,27.28,2.63,2023-08-24
-2.9831,104.7527,520.71,0.05,12.17,20.21,4.83,22.88,29.48,1.92,2023-08-24
-2.9831,104.7527,487.33,0.05,10.62,18.6,4.35,25.08,31.69,1.87,2023-08-24
-2.9831,104.7527,487.33,0.06,10.11,17.34,4.47,29.58,36.6,2.09,2023-08-24
-2.9831,104.7527,487.33,0.05,9.85,17.7,4.59,34.17,41.58,1.96,2023-08-24
-2.9831,104.7527,480.65,0.04,9.6,19.13,4.65,38.5,46.27,1.76,2023-08-24
-2.9831,104.7527,473.98,0.04,9.42,19.85,4.71,42.52,50.37,1.58,2023-08-24
-2.9831,104.7527,520.71,0.05,11.14,19.31,5.36,48.9,57.92,1.8,2023-08-24
-2.9831,104.7527,714.3,0.17,16.62,19.85,7.39,61.8,73.51,2.91,2023-08-25
-2.9831,104.7527,787.73,0.71,17.82,28.97,8.46,72.18,86.99,3.01,2023-08-25
-2.9831,104.7527,734.33,1.02,14.91,37.55,7.87,76.28,93.24,3.23,2023-08-25
-2.9831,104.7527,600.81,0.69,10.2,53.64,6.68,74.66,92.62,3.23,2023-08-25
-2.9831,104.7527,397.21,0.16,4.63,66.52,3.52,41.51,56.91,1.77,2023-08-25
-2.9831,104.7527,330.45,0.12,3.51,57.94,2.71,24.62,35.14,1.35,2023-08-25
-2.9831,104.7527,290.39,0.09,2.78,52.21,2.18,13.46,19.11,1.06,2023-08-25
-2.9831,104.7527,287.06,0.04,3.26,50.07,2.35,8.15,10.5,0.99,2023-08-25
-2.9831,104.7527,300.41,0.03,4.03,48.64,2.86,7.08,8.2,1.01,2023-08-25
-2.9831,104.7527,310.42,0.03,4.54,46.49,3.07,7.17,7.99,1.04,2023-08-25
-2.9831,104.7527,534.06,0.12,13.37,30.76,5.42,11.15,12.83,2.79,2023-08-25
-2.9831,104.7527,867.84,1.13,24.33,10.1,7.87,18.08,21.4,4.12,2023-08-25
-2.9831,104.7527,1201.63,6.48,25.36,0.97,9.78,28.72,34.13,4.81,2023-08-25
-2.9831,104.7527,1308.44,10.73,20.05,0.14,9.78,37.18,45.18,5.38,2023-08-25
-2.9831,104.7527,1228.33,10.51,15.77,0.11,8.82,39.79,49.8,5.26,2023-08-25
-2.9831,104.7527,1188.28,10.62,13.37,0.08,8.46,42.41,54.23,5.26,2023-08-25
-2.9831,104.7527,1161.58,11.18,11.82,0.05,7.87,42.7,55.87,4.37,2023-08-25
-2.9831,104.7527,988.01,9.39,10.97,0.06,6.38,35.28,48.15,2.63,2023-08-25
-2.9831,104.7527,741,4.75,10.88,0.37,4.77,26.31,36.11,1.69,2023-08-25
-2.9831,104.7527,600.81,1.49,10.88,1.52,3.78,21.08,27.26,1.46,2023-08-25
-2.9831,104.7527,554.08,1.13,9.68,1.79,3.49,20.08,24.25,1.54,2023-08-25
-2.9831,104.7527,527.38,1.27,9.08,1.59,3.7,20.33,23.53,1.8,2023-08-25
-2.9831,104.7527,527.38,1.82,9.25,1.04,4.23,21.24,24.1,1.99,2023-08-25
-2.9831,104.7527,554.08,2.49,9.85,0.85,4.95,22.76,25.67,2.12,2023-08-25
-2.9831,104.7527,680.92,3.63,12.51,1.63,6.68,27.2,30.73,3.07,2023-08-26
-2.9831,104.7527,714.3,3.86,14.57,10.46,8.23,27.81,31.97,2.94,2023-08-26
-2.9831,104.7527,680.92,3.58,13.54,22.71,8.11,27.35,32.39,2.94,2023-08-26
-2.9831,104.7527,567.44,1.7,10.71,45.06,7.39,27.3,32.96,3.04,2023-08-26
-2.9831,104.7527,423.91,0.33,4.67,79.39,4.47,34.71,42.35,1.63,2023-08-26
-2.9831,104.7527,400.54,0.16,3.77,80.11,3.76,34.19,41.82,1.31,2023-08-26
-2.9831,104.7527,390.53,0.07,3.43,76.53,3.25,32.76,39.78,1.22,2023-08-26
-2.9831,104.7527,453.95,0.31,6.68,70.81,5.36,34.22,40.35,2.06,2023-08-26
-2.9831,104.7527,554.08,0.82,10.2,74.39,7.87,37.85,43.46,3.1,2023-08-26
-2.9831,104.7527,634.19,1.16,12.34,80.82,9.06,40.24,45.66,3.77,2023-08-26
-2.9831,104.7527,1268.39,2.74,29.82,53.64,11.56,52.64,60.14,7.66,2023-08-26
-2.9831,104.7527,2323.15,7.15,52.78,9.66,15.26,76.01,86.88,11.15,2023-08-26
-2.9831,104.7527,3417.97,30.4,47.3,0,17.88,111.64,126.32,12.29,2023-08-26
-2.9831,104.7527,3898.62,47.83,34.62,0,16.21,139,157.39,10.77,2023-08-26
-2.9831,104.7527,3738.4,52.75,22.96,0,12.28,147.47,167.58,7.28,2023-08-26
-2.9831,104.7527,3284.45,48.28,17.82,0,9.54,143.33,162.73,5.26,2023-08-26
-2.9831,104.7527,2536.77,32.63,19.88,0,8.11,118.42,134.63,3.96,2023-08-26
-2.9831,104.7527,2456.67,34.87,14.57,0,6.26,122.18,137.91,2.91,2023-08-26
-2.9831,104.7527,2269.74,33.53,10.28,0,4.83,125.17,140.33,2.85,2023-08-26
-2.9831,104.7527,2029.42,26.6,10.28,0,4.23,126.88,137.76,2.72,2023-08-26
-2.9831,104.7527,1708.98,18.55,10.37,0,3.7,117.77,124.92,2.06,2023-08-26
-2.9831,104.7527,1375.2,13.08,9.34,0.02,3.52,101.53,106.01,1.61,2023-08-26
-2.9831,104.7527,727.65,0.78,14.91,5.9,5.25,61.52,64.95,1.27,2023-08-26
-2.9831,104.7527,567.44,0.23,12.51,8.85,5.72,51.52,54.52,1.6,2023-08-26
-2.9831,104.7527,600.81,0.37,13.88,9.92,6.91,49.07,52.43,2.53,2023-08-27
-2.9831,104.7527,707.63,0.95,16.28,17.34,8.46,46.56,50.51,3.04,2023-08-27
-2.9831,104.7527,754.36,2.1,16.79,27.89,10.01,45.24,49.82,3.55,2023-08-27
-2.9831,104.7527,707.63,2.1,15.42,49.35,10.49,44.68,50.15,3.89,2023-08-27
-2.9831,104.7527,520.71,0.78,7.28,82.97,6.2,37.91,44.38,2.66,2023-08-27
-2.9831,104.7527,460.62,0.45,4.37,97.27,4.89,36.13,42.9,2.15,2023-08-27
-2.9831,104.7527,433.92,0.36,3.17,100.14,4.11,35.17,42.1,1.8,2023-08-27
-2.9831,104.7527,447.27,0.41,3.77,103,4.77,36.7,43.71,1.92,2023-08-27
-2.9831,104.7527,460.62,0.42,4.97,100.14,5.9,39.26,46.04,2.06,2023-08-27
-2.9831,104.7527,453.95,0.34,5.83,82.25,5.84,39.42,45.21,1.88,2023-08-27
-2.9831,104.7527,494,0.26,8.74,62.23,6.44,39.67,44.59,2.18,2023-08-27
-2.9831,104.7527,547.41,0.05,11.48,46.49,6.79,39.65,44.12,2.53,2023-08-27
-2.9831,104.7527,554.08,0,11.65,38.27,6.32,39.41,43.5,2.72,2023-08-27
-2.9831,104.7527,500.68,0,9.08,35.76,4.89,37.15,40.85,2.34,2023-08-27
-2.9831,104.7527,460.62,0,7.11,35.41,3.99,32.86,36,1.9,2023-08-27
-2.9831,104.7527,453.95,0,6.25,40.05,3.76,31.02,33.73,1.55,2023-08-27
-2.9831,104.7527,473.98,0,6,48.64,3.73,35.01,37.64,1.22,2023-08-27
-2.9831,104.7527,467.3,0,5.74,47.92,3.43,39.44,42.19,0.89,2023-08-27
-2.9831,104.7527,447.27,0,5.65,42.92,3.55,42.15,45.35,0.94,2023-08-27
-2.9831,104.7527,440.6,0,6.08,37.19,3.87,42.48,46.29,1.08,2023-08-27
-2.9831,104.7527,423.91,0,6.34,32.54,3.93,41.29,45.87,1.16,2023-08-27
-2.9831,104.7527,410.56,0.01,6.43,28.61,3.93,39.63,44.84,1.22,2023-08-27
-2.9831,104.7527,403.88,0.01,6.6,25.75,4.05,37.78,42.93,1.23,2023-08-27
-2.9831,104.7527,423.91,0.03,7.71,23.96,4.65,37.66,42.89,1.44,2023-08-27
-2.9831,104.7527,540.73,0.17,10.88,21.82,6.08,42.5,48.74,2.37,2023-08-28
-2.9831,104.7527,627.52,0.8,11.65,23.25,6.5,45.23,52.62,2.69,2023-08-28
-2.9831,104.7527,600.81,0.88,10.54,30.4,6.26,44.52,52.12,2.66,2023-08-28
-2.9831,104.7527,527.38,0.54,8.65,42.56,6.02,42.18,48.94,2.53,2023-08-28
-2.9831,104.7527,447.27,0.23,4.97,70.1,4.23,34.56,38.97,1.42,2023-08-28
-2.9831,104.7527,440.6,0.24,4.16,79.39,4.05,31.23,34.71,1.14,2023-08-28
-2.9831,104.7527,440.6,0.26,3.64,84.4,3.93,29.65,32.54,1.01,2023-08-28
-2.9831,104.7527,447.27,0.33,3.68,90.84,4.23,28.38,30.91,1.06,2023-08-28
-2.9831,104.7527,447.27,0.32,3.73,91.55,4.29,27.58,29.85,1.06,2023-08-28
-2.9831,104.7527,447.27,0.28,3.77,89.41,4.11,28.35,30.32,0.99,2023-08-28
-2.9831,104.7527,534.06,0.4,7.97,79.39,5.84,34.02,36.28,1.93,2023-08-28
-2.9831,104.7527,640.87,0.12,13.19,63.66,7.33,42.33,45.37,3.29,2023-08-28
-2.9831,104.7527,694.27,0,14.91,54.36,7.75,50.53,54.25,4.43,2023-08-28
-2.9831,104.7527,640.87,0,12.51,54.36,6.79,52.74,57.06,4.12,2023-08-28
-2.9831,104.7527,574.11,0,10.2,54.36,5.96,49.38,54.5,3.51,2023-08-28
-2.9831,104.7527,540.73,0,9.34,50.78,5.72,46.29,52.91,3.1,2023-08-28
-2.9831,104.7527,540.73,0,9.85,45.78,5.6,44.15,52.37,2.66,2023-08-28
-2.9831,104.7527,500.68,0,9.51,40.05,4.83,40.51,49.33,1.84,2023-08-28
-2.9831,104.7527,440.6,0,8.05,36.84,4.11,37.11,45.84,1.5,2023-08-28
-2.9831,104.7527,417.23,0,7.54,33.62,3.99,35.28,43.73,1.49,2023-08-28
-2.9831,104.7527,400.54,0,7.2,30.76,3.99,33.21,41.3,1.39,2023-08-28
-2.9831,104.7527,377.18,0.01,6.85,28.97,3.99,30.66,38.31,1.28,2023-08-28
-2.9831,104.7527,370.5,0.01,6.85,28.97,4.23,30.61,37.96,1.25,2023-08-28
-2.9831,104.7527,420.57,0.01,8.4,28.25,5.01,36.03,43.53,1.57,2023-08-28
-2.9831,104.7527,574.11,0.3,12.34,24.68,6.68,44.63,52.98,2.66,2023-08-29
-2.9831,104.7527,667.57,1.05,13.37,25.39,7.39,46.14,55.26,3.2,2023-08-29
-2.9831,104.7527,614.17,1.06,10.97,35.76,6.79,41.63,51.13,3.23,2023-08-29
-2.9831,104.7527,514.03,0.59,7.88,55.79,5.96,39.6,49.44,2.79,2023-08-29
-2.9831,104.7527,447.27,0.22,4.2,90.12,4.23,42.84,52.99,1.31,2023-08-29
-2.9831,104.7527,440.6,0.27,3.68,97.27,3.99,35.31,42.26,1.36,2023-08-29
-2.9831,104.7527,440.6,0.32,3.34,101.57,3.81,31.61,36.68,1.55,2023-08-29
-2.9831,104.7527,460.62,0.35,3.81,108.72,4.11,29.77,33.67,1.87,2023-08-29
-2.9831,104.7527,473.98,0.3,4.71,107.29,4.17,28.8,31.98,2.12,2023-08-29
-2.9831,104.7527,473.98,0.19,5.65,98.71,3.78,26.57,29.43,2.22,2023-08-29
-2.9831,104.7527,494,0.14,8.4,84.4,4.59,23.87,26.98,2.63,2023-08-29
-2.9831,104.7527,527.38,0.05,10.97,71.53,5.6,23.15,27.41,3.2,2023-08-29
-2.9831,104.7527,547.41,0,11.48,63.66,5.96,25.14,31.01,4.02,2023-08-29
-2.9831,104.7527,507.35,0,9.68,60.8,5.3,26.55,34.92,4.18,2023-08-29
-2.9831,104.7527,467.3,0,8.31,55.07,4.83,26.38,37.64,3.7,2023-08-29
-2.9831,104.7527,447.27,0,7.97,48.64,4.71,25.96,38.95,3.29,2023-08-29
-2.9831,104.7527,487.33,0,9.42,38.98,5.01,26.02,39.27,3.07,2023-08-29
-2.9831,104.7527,473.98,0.01,9.77,30.04,4.53,24.52,37.2,2.12,2023-08-29
-2.9831,104.7527,423.91,0.02,8.4,24.68,3.87,22.64,34.42,1.63,2023-08-29
-2.9831,104.7527,407.22,0.03,8.14,20.56,3.93,22.86,34.06,1.6,2023-08-29
-2.9831,104.7527,403.88,0.04,8.14,18.6,4.11,23.91,34.79,1.52,2023-08-29
-2.9831,104.7527,400.54,0.05,8.05,18.24,4.23,25.55,36.31,1.42,2023-08-29
-2.9831,104.7527,400.54,0.05,8.14,18.95,4.41,27.83,38.44,1.35,2023-08-29
-2.9831,104.7527,440.6,0.05,9.77,20.03,5.19,32.16,43.06,1.55,2023-08-29
-2.9831,104.7527,600.81,0.36,14.22,20.03,6.91,40.21,52.39,2.63,2023-08-30
-2.9831,104.7527,714.3,1.69,15.59,22.89,7.99,45.27,59.06,3.1,2023-08-30
-2.9831,104.7527,674.25,1.9,13.19,33.97,7.87,45.75,60.88,3.39,2023-08-30
-2.9831,104.7527,560.76,1.15,9.17,57.94,6.91,45.56,60.8,3.17,2023-08-30
-2.9831,104.7527,447.27,0.31,4.5,94.41,4.65,52.17,67.63,1.01,2023-08-30
-2.9831,104.7527,433.92,0.27,3.56,98.71,4.17,50.93,65.08,0.87,2023-08-30
-2.9831,104.7527,420.57,0.28,3,97.27,3.73,46.85,59.82,0.97,2023-08-30
-2.9831,104.7527,447.27,0.44,4.28,100.14,4.71,45.04,57.33,1.6,2023-08-30
-2.9831,104.7527,480.65,0.56,6.77,97.27,6.26,41.26,52.32,2.41,2023-08-30
-2.9831,104.7527,500.68,0.51,9.08,83.68,6.91,34.47,44.04,2.98,2023-08-30
-2.9831,104.7527,494,0.28,10.8,65.09,6.56,25.99,34.02,3.04,2023-08-30
-2.9831,104.7527,447.27,0.03,10.02,52.93,5.36,17.88,24.94,2.79,2023-08-30
-2.9831,104.7527,400.54,0,7.63,50.07,4.23,14.29,21.6,2.82,2023-08-30
-2.9831,104.7527,370.5,0,5.31,51.5,3.22,13.04,21.42,2.6,2023-08-30
-2.9831,104.7527,363.83,0,4.71,47.92,2.98,12.97,21.68,2.5,2023-08-30
-2.9831,104.7527,350.48,0,4.63,42.56,2.92,12.33,19.34,2.22,2023-08-30
-2.9831,104.7527,343.8,0,4.8,41.84,3.04,13.4,18.48,1.61,2023-08-30
-2.9831,104.7527,337.12,0,4.5,48.64,3.1,19.43,23.56,0.93,2023-08-30
-2.9831,104.7527,350.48,0,4.07,57.94,3.25,29.05,33.36,0.7,2023-08-30
-2.9831,104.7527,367.16,0,4.54,59.37,3.55,35.23,40.06,0.75,2023-08-30
-2.9831,104.7527,377.18,0,5.27,53.64,3.76,37.13,42.23,0.88,2023-08-30
-2.9831,104.7527,383.85,0,5.91,47.21,3.87,37.31,42.51,0.98,2023-08-30
-2.9831,104.7527,387.19,0,6.51,40.77,4.05,36.75,41.89,1.04,2023-08-30
-2.9831,104.7527,407.22,0,7.71,35.41,4.59,35.85,41.55,1.22,2023-08-30
-2.9831,104.7527,507.35,0.18,10.54,32.9,5.66,36.66,43.75,1.95,2023-08-31
-2.9831,104.7527,554.08,1.48,9.17,44.7,5.72,35.39,44.31,2.06,2023-08-31
-2.9831,104.7527,534.06,1.51,7.03,66.52,5.48,36.28,46.51,2.28,2023-08-31
-2.9831,104.7527,500.68,0.85,4.88,92.98,5.19,40.14,51.36,2.34,2023-08-31
-2.9831,104.7527,460.62,0.39,3.38,98.71,3.81,38.16,49.4,1.66,2023-08-31
-2.9831,104.7527,453.95,0.34,3.04,100.14,3.25,35.65,45.38,1.82,2023-08-31
-2.9831,104.7527,447.27,0.32,2.68,103,2.68,33.54,41.69,2.22,2023-08-31
-2.9831,104.7527,460.62,0.39,3.43,107.29,3.01,32.17,39.47,2.82,2023-08-31
-2.9831,104.7527,473.98,0.43,5.01,104.43,3.73,30.21,36.81,3.36,2023-08-31
-2.9831,104.7527,473.98,0.42,6.34,94.41,3.99,26.21,31.91,3.58,2023-08-31
-2.9831,104.7527,467.3,0.58,7.28,87.26,4.29,21.67,26.66,3.45,2023-08-31
-2.9831,104.7527,460.62,0.14,9,70.81,4.71,17.02,21.76,3.23,2023-08-31
-2.9831,104.7527,460.62,0,8.74,65.8,4.77,16.26,21.59,3.32,2023-08-31
-2.9831,104.7527,447.27,0,7.2,65.8,4.17,18.96,25.65,3.2,2023-08-31
-2.9831,104.7527,433.92,0,6.6,60.8,3.93,23.52,31.77,3.07,2023-08-31
-2.9831,104.7527,440.6,0,6.51,59.37,3.93,28.12,37.44,2.63,2023-08-31
-2.9831,104.7527,447.27,0,7.11,58.65,4.17,31.49,41.34,1.95,2023-08-31
-2.9831,104.7527,420.57,0,6.68,57.22,3.76,32.68,42.29,1.16,2023-08-31
-2.9831,104.7527,397.21,0,5.65,55.07,3.31,34.11,43.22,0.93,2023-08-31
-2.9831,104.7527,400.54,0,5.44,52.21,3.34,36.43,45.34,0.95,2023-08-31
-2.9831,104.7527,410.56,0,5.4,51.5,3.46,40,48.97,0.94,2023-08-31
-2.9831,104.7527,423.91,0,5.36,52.21,3.49,46.35,55.43,0.93,2023-08-31
-2.9831,104.7527,453.95,0,5.48,56.51,3.64,56.98,66.58,0.92,2023-08-31
-2.9831,104.7527,507.35,0,6.68,55.07,4.29,66.34,76.51,1.17,2023-08-31
