Lintang,Bujur,CO,NO,NO2,O3,SO2,PM2_5,PM10,NH3,Unix,Date
-2.9831,104.7527,547.41,2.01,8.14,26.11,5.66,25.75,32.94,4.05,"1,696,208,400.00",2023-10-02
-2.9831,104.7527,494,2.04,6.6,40.77,5.54,19,26.38,4.02,"1,696,212,000.00",2023-10-02
-2.9831,104.7527,433.92,1.06,5.06,71.53,5.48,17.83,25.59,3.67,"1,696,215,600.00",2023-10-02
-2.9831,104.7527,433.92,0.42,3.08,101.57,3.37,21.35,26.36,2.28,"1,696,219,200.00",2023-10-02
-2.9831,104.7527,460.62,0.34,3.26,111.58,3.07,22.73,26.8,2.15,"1,696,222,800.00",2023-10-02
-2.9831,104.7527,467.3,0.29,3.98,111.58,2.89,21.37,24.83,2.47,"1,696,226,400.00",2023-10-02
-2.9831,104.7527,507.35,0.39,7.54,105.86,4.47,21.61,24.9,3.58,"1,696,230,000.00",2023-10-02
-2.9831,104.7527,554.08,0.48,11.65,94.41,6.68,21.2,24.86,4.5,"1,696,233,600.00",2023-10-02
-2.9831,104.7527,580.79,0.41,14.39,79.39,7.87,20.01,24.05,4.88,"1,696,237,200.00",2023-10-02
-2.9831,104.7527,614.17,0.19,16.62,68.66,7.99,22.05,26.29,5,"1,696,240,800.00",2023-10-02
-2.9831,104.7527,674.25,0.01,16.62,70.81,7.33,34.8,39.21,5.57,"1,696,244,400.00",2023-10-02
-2.9831,104.7527,674.25,0,12.51,74.39,6.14,38.66,43.07,5.51,"1,696,248,000.00",2023-10-02
-2.9831,104.7527,540.73,0,7.97,58.65,4.59,25.79,29.83,4.12,"1,696,251,600.00",2023-10-02
-2.9831,104.7527,480.65,0,6.68,47.92,3.99,20.29,24.06,3.36,"1,696,255,200.00",2023-10-02
-2.9831,104.7527,480.65,0,6.43,53.64,3.87,22.58,26.31,3.2,"1,696,258,800.00",2023-10-02
-2.9831,104.7527,494,0,6.43,58.65,3.87,27.08,31.2,2.79,"1,696,262,400.00",2023-10-02
-2.9831,104.7527,467.3,0,5.74,61.51,3.58,29.9,34.29,2.22,"1,696,266,000.00",2023-10-02
-2.9831,104.7527,460.62,0,5.4,62.94,3.76,33.76,38.62,2.34,"1,696,269,600.00",2023-10-02
-2.9831,104.7527,460.62,0,6.43,50.07,3.99,31.11,36.61,3.2,"1,696,273,200.00",2023-10-02
-2.9831,104.7527,410.56,0,6.85,32.9,3.61,21.79,27.49,3.67,"1,696,276,800.00",2023-10-02
-2.9831,104.7527,357.15,0.01,6.25,28.61,3.28,15.08,20.42,3.26,"1,696,280,400.00",2023-10-02
-2.9831,104.7527,320.43,0,5.44,32.19,3.07,11.65,16.46,2.63,"1,696,284,000.00",2023-10-02
-2.9831,104.7527,310.42,0,5.57,35.41,3.31,9.73,14.11,2.41,"1,696,287,600.00",2023-10-02
-2.9831,104.7527,353.81,0.21,6.85,36.84,3.93,9.36,13.6,2.98,"1,696,291,200.00",2023-10-03
-2.9831,104.7527,383.85,1.27,6.08,43.27,4.11,8.82,13.06,3.23,"1,696,294,800.00",2023-10-03
-2.9831,104.7527,380.52,1.26,5.01,60.08,3.99,8.97,13.23,3.23,"1,696,298,400.00",2023-10-03
-2.9831,104.7527,357.15,0.73,3.64,79.39,3.64,9.97,14.31,3.1,"1,696,302,000.00",2023-10-03
-2.9831,104.7527,373.84,0.45,2.96,98.71,3.19,11.41,14.74,2.6,"1,696,305,600.00",2023-10-03
-2.9831,104.7527,400.54,0.4,3.38,110.15,3.22,13.11,15.85,2.41,"1,696,309,200.00",2023-10-03
-2.9831,104.7527,420.57,0.38,4.07,118.73,3.22,16.17,18.77,2.53,"1,696,312,800.00",2023-10-03
-2.9831,104.7527,580.79,0.71,10.2,131.61,6.74,23.35,26.58,4.5,"1,696,316,400.00",2023-10-03
-2.9831,104.7527,774.38,0.8,16.45,144.48,10.25,32.24,36.47,6.59,"1,696,320,000.00",2023-10-03
-2.9831,104.7527,921.25,0.57,21.25,131.61,11.92,39.31,44.31,7.85,"1,696,323,600.00",2023-10-03
-2.9831,104.7527,1001.36,0.24,24.33,103,11.56,43.9,49.12,8.11,"1,696,327,200.00",2023-10-03
-2.9831,104.7527,934.6,0.02,22.62,72.96,9.89,45.5,50.15,7.54,"1,696,330,800.00",2023-10-03
-2.9831,104.7527,754.36,0,16.62,51.5,7.99,40.25,43.78,6.27,"1,696,334,400.00",2023-10-03
-2.9831,104.7527,567.44,0,9.68,48.64,5.13,30.81,33.58,4.43,"1,696,338,000.00",2023-10-03
-2.9831,104.7527,520.71,0,8.31,50.07,4.65,24.88,28.53,4.31,"1,696,341,600.00",2023-10-03
-2.9831,104.7527,500.68,0,8.14,47.92,4.83,21.01,25.88,4.37,"1,696,345,200.00",2023-10-03
-2.9831,104.7527,507.35,0,9.17,43.27,5.36,20.72,26.94,4.12,"1,696,348,800.00",2023-10-03
-2.9831,104.7527,487.33,0,9,40.77,4.95,21.95,28.95,3.04,"1,696,352,400.00",2023-10-03
-2.9831,104.7527,467.3,0,7.71,41.48,4.23,25.09,32.52,2.28,"1,696,356,000.00",2023-10-03
-2.9831,104.7527,467.3,0,7.54,40.77,4.23,28.36,35.91,1.98,"1,696,359,600.00",2023-10-03
-2.9831,104.7527,467.3,0,7.63,38.98,4.35,29.57,37.01,1.77,"1,696,363,200.00",2023-10-03
-2.9831,104.7527,460.62,0,7.45,35.76,4.35,29.22,36.4,1.63,"1,696,366,800.00",2023-10-03
-2.9831,104.7527,460.62,0,7.45,32.9,4.41,29.02,36.15,1.63,"1,696,370,400.00",2023-10-03
-2.9831,104.7527,494,0.01,9,29.68,5.19,30.1,37.56,2.15,"1,696,374,000.00",2023-10-03
-2.9831,104.7527,600.81,0.72,12.17,26.11,6.85,31.8,39.88,3.61,"1,696,377,600.00",2023-10-04
-2.9831,104.7527,620.84,2.35,10.28,39.34,6.91,27.55,35.44,4.18,"1,696,381,200.00",2023-10-04
-2.9831,104.7527,554.08,1.84,8.05,67.95,6.56,23.85,31.32,4.18,"1,696,384,800.00",2023-10-04
-2.9831,104.7527,480.65,0.95,5.65,97.27,6.2,22.66,29.69,3.7,"1,696,388,400.00",2023-10-04
-2.9831,104.7527,433.92,0.26,4.5,94.41,4.05,21.16,26.3,2.28,"1,696,392,000.00",2023-10-04
-2.9831,104.7527,427.25,0.33,3.98,97.27,3.73,18,21.95,1.88,"1,696,395,600.00",2023-10-04
-2.9831,104.7527,423.91,0.35,3.43,107.29,3.58,16.62,19.91,1.77,"1,696,399,200.00",2023-10-04
-2.9831,104.7527,447.27,0.39,4.16,118.73,4.17,17.71,20.59,1.98,"1,696,402,800.00",2023-10-04
-2.9831,104.7527,473.98,0.35,5.65,123.02,4.95,20.34,23.03,2.25,"1,696,406,400.00",2023-10-04
-2.9831,104.7527,514.03,0.2,7.2,124.45,5.3,24.76,27.39,2.56,"1,696,410,000.00",2023-10-04
-2.9831,104.7527,594.14,0.12,9.94,125.89,6.32,32.89,35.79,3.17,"1,696,413,600.00",2023-10-04
-2.9831,104.7527,667.57,0.02,12.17,118.73,7.03,42.84,46.15,3.67,"1,696,417,200.00",2023-10-04
-2.9831,104.7527,647.54,0,11.48,103,6.56,46.13,50.04,3.8,"1,696,420,800.00",2023-10-04
-2.9831,104.7527,560.76,0,8.65,90.12,5.19,39.63,44.19,3.36,"1,696,424,400.00",2023-10-04
-2.9831,104.7527,507.35,0,7.2,84.4,4.53,35.68,41.44,3.13,"1,696,428,000.00",2023-10-04
-2.9831,104.7527,500.68,0,6.77,82.25,4.41,37.52,44.98,3.01,"1,696,431,600.00",2023-10-04
-2.9831,104.7527,507.35,0,7.11,80.11,4.59,42.44,51.7,2.63,"1,696,435,200.00",2023-10-04
-2.9831,104.7527,487.33,0,6.77,76.53,4.17,45.84,56.12,1.87,"1,696,438,800.00",2023-10-04
-2.9831,104.7527,460.62,0,5.83,72.24,3.78,47.35,57.71,1.52,"1,696,442,400.00",2023-10-04
-2.9831,104.7527,460.62,0,6.08,66.52,3.93,46.93,56.81,1.49,"1,696,446,000.00",2023-10-04
-2.9831,104.7527,467.3,0,6.68,60.08,4.17,46.04,55.51,1.47,"1,696,449,600.00",2023-10-04
-2.9831,104.7527,467.3,0,7.2,53.64,4.35,45.01,54.08,1.42,"1,696,453,200.00",2023-10-04
-2.9831,104.7527,460.62,0,7.37,48.64,4.41,43.44,52.19,1.39,"1,696,456,800.00",2023-10-04
-2.9831,104.7527,480.65,0,8.57,44.7,5.01,42.02,50.61,1.68,"1,696,460,400.00",2023-10-04
-2.9831,104.7527,580.79,0.35,11.65,41.84,6.44,43.87,52.84,2.88,"1,696,464,000.00",2023-10-05
-2.9831,104.7527,614.17,1.23,9.42,58.65,6.26,44.47,53.29,3.13,"1,696,467,600.00",2023-10-05
-2.9831,104.7527,587.46,1.12,7.2,86.55,6.14,46.25,54.85,3.1,"1,696,471,200.00",2023-10-05
-2.9831,104.7527,547.41,0.64,4.88,113.01,5.78,50.1,58.28,2.72,"1,696,474,800.00",2023-10-05
-2.9831,104.7527,500.68,0.38,3.17,123.02,4.77,51.33,57.73,1.42,"1,696,478,400.00",2023-10-05
-2.9831,104.7527,453.95,0.35,2.91,120.16,4.47,46.04,50.94,1.06,"1,696,482,000.00",2023-10-05
-2.9831,104.7527,447.27,0.32,2.83,120.16,4.23,46.21,50.53,0.96,"1,696,485,600.00",2023-10-05
-2.9831,104.7527,494,0.47,5.1,127.32,5.96,48.94,53.24,1.58,"1,696,489,200.00",2023-10-05
-2.9831,104.7527,547.41,0.5,9,124.45,8.23,48.45,53.18,2.6,"1,696,492,800.00",2023-10-05
-2.9831,104.7527,580.79,0.27,12.51,101.57,8.94,43.75,48.78,3.45,"1,696,496,400.00",2023-10-05
-2.9831,104.7527,580.79,0.06,14.05,76.53,7.99,38.77,43.91,3.83,"1,696,500,000.00",2023-10-05
-2.9831,104.7527,527.38,0.01,12.17,58.65,6.14,32.65,37.87,3.67,"1,696,503,600.00",2023-10-05
-2.9831,104.7527,447.27,0,8.74,47.92,4.65,25.37,30.84,3.45,"1,696,507,200.00",2023-10-05
-2.9831,104.7527,410.56,0,6,41.84,3.46,21.46,27.37,3.23,"1,696,510,800.00",2023-10-05
-2.9831,104.7527,407.22,0,5.27,40.05,3.13,19.73,26,3.23,"1,696,514,400.00",2023-10-05
-2.9831,104.7527,403.88,0,5.27,40.05,3.07,19.54,26.4,3.07,"1,696,518,000.00",2023-10-05
-2.9831,104.7527,403.88,0,5.65,40.05,3.13,20.17,27.77,2.47,"1,696,521,600.00",2023-10-05
-2.9831,104.7527,373.84,0,5.31,39.7,2.95,19.2,27.23,1.63,"1,696,525,200.00",2023-10-05
-2.9831,104.7527,350.48,0,4.76,38.98,2.86,18.03,26.3,1.23,"1,696,528,800.00",2023-10-05
-2.9831,104.7527,370.5,0,5.74,34.33,3.25,18.79,27.3,1.23,"1,696,532,400.00",2023-10-05
-2.9831,104.7527,403.88,0.01,7.2,27.54,3.7,21.09,29.85,1.42,"1,696,536,000.00",2023-10-05
-2.9831,104.7527,433.92,0.03,8.4,21.82,4.11,23.62,32.87,1.79,"1,696,539,600.00",2023-10-05
-2.9831,104.7527,453.95,0.06,9.34,18.24,4.53,25.75,35.67,1.99,"1,696,543,200.00",2023-10-05
-2.9831,104.7527,514.03,0.08,11.82,17.7,5.54,29.27,40.06,2.15,"1,696,546,800.00",2023-10-05
-2.9831,104.7527,700.95,0.78,16.96,23.96,7.99,38.65,51.44,3.1,"1,696,550,400.00",2023-10-06
-2.9831,104.7527,640.87,0.92,14.57,45.42,8.34,43.06,57.35,2.69,"1,696,554,000.00",2023-10-06
-2.9831,104.7527,594.14,0.84,12.51,57.22,7.99,46.22,61.67,3.04,"1,696,557,600.00",2023-10-06
-2.9831,104.7527,534.06,0.55,9.42,72.96,7.27,49.59,65.73,2.91,"1,696,561,200.00",2023-10-06
-2.9831,104.7527,460.62,0.29,5.4,90.84,4.59,43.71,55.96,2.03,"1,696,564,800.00",2023-10-06
-2.9831,104.7527,427.25,0.29,3.94,101.57,3.7,38.3,47.67,1.98,"1,696,568,400.00",2023-10-06
-2.9831,104.7527,473.98,0.27,3.38,120.16,3.1,43.61,52.42,2.47,"1,696,572,000.00",2023-10-06
-2.9831,104.7527,540.73,0.36,4.37,140.19,3.61,49.62,57.01,3.58,"1,696,575,600.00",2023-10-06
-2.9831,104.7527,547.41,0.43,5.65,140.19,4.35,45.51,50.98,4.05,"1,696,579,200.00",2023-10-06
-2.9831,104.7527,527.38,0.44,6.6,124.45,4.47,39.84,44.17,4.18,"1,696,582,800.00",2023-10-06
-2.9831,104.7527,500.68,0.34,7.8,100.14,4.17,34.55,38.24,3.99,"1,696,586,400.00",2023-10-06
-2.9831,104.7527,447.27,0.06,8.91,67.95,4.17,27.42,30.85,3.61,"1,696,590,000.00",2023-10-06
-2.9831,104.7527,420.57,0,8.65,47.92,4.17,23.58,27.22,3.61,"1,696,593,600.00",2023-10-06
-2.9831,104.7527,423.91,0,7.97,40.77,3.93,23.99,28.25,3.83,"1,696,597,200.00",2023-10-06
-2.9831,104.7527,427.25,0,7.8,36.48,3.99,22.29,27.44,3.96,"1,696,600,800.00",2023-10-06
-2.9831,104.7527,420.57,0,7.97,31.83,4.23,19.24,25.35,3.64,"1,696,604,400.00",2023-10-06
-2.9831,104.7527,440.6,0.01,9.17,27.18,4.59,18.58,25.33,2.94,"1,696,608,000.00",2023-10-06
-2.9831,104.7527,413.89,0.02,8.83,24.68,4.17,17.6,24.27,1.85,"1,696,611,600.00",2023-10-06
-2.9831,104.7527,360.49,0.01,6.43,25.75,3.16,17.67,23.74,1.17,"1,696,615,200.00",2023-10-06
-2.9831,104.7527,353.81,0.01,5.65,26.82,2.98,19.78,25.44,1.06,"1,696,618,800.00",2023-10-06
-2.9831,104.7527,363.83,0.01,5.83,27.18,3.16,22.64,28.14,1.09,"1,696,622,400.00",2023-10-06
-2.9831,104.7527,377.18,0.01,6.08,27.18,3.31,25.72,31.27,1.16,"1,696,626,000.00",2023-10-06
-2.9831,104.7527,383.85,0.01,6.08,28.25,3.37,28.97,34.75,1.17,"1,696,629,600.00",2023-10-06
-2.9831,104.7527,417.23,0,6.85,31.83,3.81,34.51,40.96,1.33,"1,696,633,200.00",2023-10-06
-2.9831,104.7527,534.06,0.22,9.25,41.13,5.07,44.91,52.7,2.09,"1,696,636,800.00",2023-10-07
-2.9831,104.7527,580.79,0.79,7.97,64.37,5.48,53.37,61.56,2.25,"1,696,640,400.00",2023-10-07
-2.9831,104.7527,567.44,0.82,6.08,87.26,5.54,55.61,63.54,2.41,"1,696,644,000.00",2023-10-07
-2.9831,104.7527,534.06,0.56,4.24,110.15,5.6,57.3,64.9,2.28,"1,696,647,600.00",2023-10-07
-2.9831,104.7527,494,0.29,2.36,125.89,4.11,53.55,59.98,1.41,"1,696,651,200.00",2023-10-07
-2.9831,104.7527,467.3,0.24,1.99,128.75,3.46,47.2,52.72,1.19,"1,696,654,800.00",2023-10-07
-2.9831,104.7527,460.62,0.2,1.88,131.61,2.98,44.23,49.23,1.38,"1,696,658,400.00",2023-10-07
-2.9831,104.7527,494,0.24,2.61,145.91,3.4,44.83,49.96,1.99,"1,696,662,000.00",2023-10-07
-2.9831,104.7527,547.41,0.27,3.86,163.08,4.11,45.95,51.07,2.82,"1,696,665,600.00",2023-10-07
-2.9831,104.7527,607.49,0.24,5.23,165.94,4.35,47.42,52.16,3.74,"1,696,669,200.00",2023-10-07
-2.9831,104.7527,654.22,0.16,6.85,151.63,4.23,50.07,54.65,4.43,"1,696,672,800.00",2023-10-07
-2.9831,104.7527,707.63,0.02,8.57,131.61,4.29,56.28,61.16,5.13,"1,696,676,400.00",2023-10-07
-2.9831,104.7527,741,0,8.65,105.86,4.29,59.58,65.1,5.7,"1,696,680,000.00",2023-10-07
-2.9831,104.7527,680.92,0,7.71,77.25,3.7,51.39,57.96,5.26,"1,696,683,600.00",2023-10-07
-2.9831,104.7527,600.81,0,7.37,58.65,3.37,41.26,48.89,4.69,"1,696,687,200.00",2023-10-07
-2.9831,104.7527,554.08,0,7.2,48.64,3.31,34.95,43.5,3.99,"1,696,690,800.00",2023-10-07
-2.9831,104.7527,547.41,0,8.05,41.48,3.49,32.13,41.45,3.04,"1,696,694,400.00",2023-10-07
-2.9831,104.7527,500.68,0,7.8,35.41,3.19,28.04,37.54,1.82,"1,696,698,000.00",2023-10-07
-2.9831,104.7527,440.6,0,6.43,32.19,2.77,24.17,33.48,1.27,"1,696,701,600.00",2023-10-07
-2.9831,104.7527,413.89,0,6.25,28.97,2.86,22.81,32.04,1.23,"1,696,705,200.00",2023-10-07
-2.9831,104.7527,403.88,0.01,6.43,26.11,3.1,22.76,32,1.28,"1,696,708,800.00",2023-10-07
-2.9831,104.7527,400.54,0.01,6.68,23.6,3.31,23.32,32.75,1.36,"1,696,712,400.00",2023-10-07
-2.9831,104.7527,400.54,0.02,6.77,22.35,3.43,24.25,33.92,1.38,"1,696,716,000.00",2023-10-07
-2.9831,104.7527,427.25,0.02,8.23,22.53,4.11,27.01,37.42,1.54,"1,696,719,600.00",2023-10-07
-2.9831,104.7527,567.44,0.11,12.34,24.68,5.9,34.22,46.02,2.44,"1,696,723,200.00",2023-10-08
-2.9831,104.7527,574.11,0.32,11.65,36.84,6.2,36.95,48.94,2.41,"1,696,726,800.00",2023-10-08
-2.9831,104.7527,514.03,0.39,9.51,39.34,5.66,33.49,42.98,2.63,"1,696,730,400.00",2023-10-08
-2.9831,104.7527,433.92,0.31,6.94,40.77,4.83,25.36,30.8,2.37,"1,696,734,000.00",2023-10-08
-2.9831,104.7527,353.81,0.24,3.3,48.64,2.62,12.63,14.37,1.39,"1,696,737,600.00",2023-10-08
-2.9831,104.7527,337.12,0.26,2.23,57.22,2.12,7.55,8.37,1.11,"1,696,741,200.00",2023-10-08
-2.9831,104.7527,327.11,0.24,1.65,62.94,1.79,6.26,6.88,1.01,"1,696,744,800.00",2023-10-08
-2.9831,104.7527,327.11,0.24,1.74,67.23,1.89,6.66,7.34,1.04,"1,696,748,400.00",2023-10-08
-2.9831,104.7527,330.45,0.21,2.14,69.38,2.09,8,8.79,1.08,"1,696,752,000.00",2023-10-08
-2.9831,104.7527,350.48,0.14,2.68,72.24,2.12,10.98,11.82,1.17,"1,696,755,600.00",2023-10-08
-2.9831,104.7527,400.54,0.08,4.28,75.82,2.59,16.2,17.23,1.55,"1,696,759,200.00",2023-10-08
-2.9831,104.7527,453.95,0.01,6,75.1,3.25,21.51,22.93,2.09,"1,696,762,800.00",2023-10-08
-2.9831,104.7527,473.98,0,6.6,70.1,3.64,24.16,26.23,2.63,"1,696,766,400.00",2023-10-08
-2.9831,104.7527,473.98,0,6.77,61.51,3.78,23.28,26.26,3.04,"1,696,770,000.00",2023-10-08
-2.9831,104.7527,487.33,0,7.37,52.93,4.05,22.88,27.05,3.55,"1,696,773,600.00",2023-10-08
-2.9831,104.7527,507.35,0,8.14,45.78,4.29,24.12,29.57,3.77,"1,696,777,200.00",2023-10-08
-2.9831,104.7527,527.38,0,9.17,38.98,4.53,25.82,32.25,3.32,"1,696,780,800.00",2023-10-08
-2.9831,104.7527,487.33,0,8.57,33.97,3.93,25.91,32.64,2.22,"1,696,784,400.00",2023-10-08
-2.9831,104.7527,460.62,0,7.71,30.04,3.7,26.93,33.62,1.73,"1,696,788,000.00",2023-10-08
-2.9831,104.7527,460.62,0.01,7.88,26.82,3.93,29.25,35.91,1.58,"1,696,791,600.00",2023-10-08
-2.9831,104.7527,467.3,0.01,8.23,23.96,4.17,31.85,38.5,1.54,"1,696,795,200.00",2023-10-08
-2.9831,104.7527,473.98,0.02,8.48,22.35,4.29,34.18,40.81,1.6,"1,696,798,800.00",2023-10-08
-2.9831,104.7527,480.65,0.03,8.65,21.82,4.41,35.93,42.51,1.6,"1,696,802,400.00",2023-10-08
-2.9831,104.7527,520.71,0.03,10.2,21.99,5.19,39.67,46.39,1.8,"1,696,806,000.00",2023-10-08
-2.9831,104.7527,680.92,0.43,14.57,25.39,7.27,48.72,56.33,2.98,"1,696,809,600.00",2023-10-09
-2.9831,104.7527,654.22,1.09,11.48,51.5,7.27,51.8,59.52,2.82,"1,696,813,200.00",2023-10-09
-2.9831,104.7527,627.52,1.24,9.17,72.24,7.27,54.02,62.48,3.13,"1,696,816,800.00",2023-10-09
-2.9831,104.7527,580.79,0.84,6.77,100.14,7.15,57.02,65.72,2.79,"1,696,820,400.00",2023-10-09
-2.9831,104.7527,507.35,0.4,3.73,103,4.53,47.88,55.82,1.71,"1,696,824,000.00",2023-10-09
-2.9831,104.7527,473.98,0.3,3.77,91.55,4.05,38.64,45.01,1.65,"1,696,827,600.00",2023-10-09
-2.9831,104.7527,447.27,0.16,4.2,76.53,3.67,30.42,34.75,1.65,"1,696,831,200.00",2023-10-09
-2.9831,104.7527,460.62,0.29,7.63,62.23,5.9,23.32,25.96,2.18,"1,696,834,800.00",2023-10-09
-2.9831,104.7527,527.38,0.87,12,67.23,9.78,21.8,24.05,3.17,"1,696,838,400.00",2023-10-09
-2.9831,104.7527,614.17,1.29,15.94,82.97,13.11,23.74,26.13,4.12,"1,696,842,000.00",2023-10-09
-2.9831,104.7527,720.98,0.98,21.42,85.83,15.74,26.64,29.28,4.81,"1,696,845,600.00",2023-10-09
-2.9831,104.7527,747.68,0.11,25.02,63.66,15.5,27.35,30.09,5,"1,696,849,200.00",2023-10-09
-2.9831,104.7527,667.57,0,22.62,44.35,12.64,26.37,29.16,5,"1,696,852,800.00",2023-10-09
-2.9831,104.7527,527.38,0,15.94,33.62,9.06,21.93,24.65,4.31,"1,696,856,400.00",2023-10-09
-2.9831,104.7527,473.98,0.01,13.02,24.68,7.75,18.91,22,3.77,"1,696,860,000.00",2023-10-09
-2.9831,104.7527,480.65,0.06,12.51,17.52,7.39,17.59,21.19,3.42,"1,696,863,600.00",2023-10-09
-2.9831,104.7527,494,0.2,13.02,11.98,7.45,16.69,20.66,2.94,"1,696,867,200.00",2023-10-09
-2.9831,104.7527,467.3,0.34,13.02,8.4,6.97,14.89,19,2.09,"1,696,870,800.00",2023-10-09
-2.9831,104.7527,453.95,0.46,12.68,6.08,6.5,15.84,20.49,1.92,"1,696,874,400.00",2023-10-09
-2.9831,104.7527,494,0.54,13.02,4.87,5.84,20.88,26.54,1.99,"1,696,878,000.00",2023-10-09
-2.9831,104.7527,500.68,0.56,12.17,4.65,5.25,23.2,28.9,1.9,"1,696,881,600.00",2023-10-09
-2.9831,104.7527,460.62,0.64,10.88,4.29,5.07,20.21,24.55,1.79,"1,696,885,200.00",2023-10-09
-2.9831,104.7527,420.57,0.83,10.28,3.71,5.3,15.55,18.72,1.74,"1,696,888,800.00",2023-10-09
-2.9831,104.7527,420.57,1.22,10.54,3,5.9,12.74,15.58,1.95,"1,696,892,400.00",2023-10-09
-2.9831,104.7527,527.38,2.82,11.31,2.75,7.21,13.92,17.27,2.98,"1,696,896,000.00",2023-10-10
-2.9831,104.7527,620.84,4.3,13.19,8.31,8.94,14.71,18.42,3.67,"1,696,899,600.00",2023-10-10
-2.9831,104.7527,627.52,4.92,13.88,24.68,10.61,15.49,19.95,4.37,"1,696,903,200.00",2023-10-10
-2.9831,104.7527,540.73,2.49,12,70.81,10.13,16.37,21.35,4.24,"1,696,906,800.00",2023-10-10
-2.9831,104.7527,400.54,0.66,4.93,91.55,5.66,12.68,15.47,2.18,"1,696,910,400.00",2023-10-10
-2.9831,104.7527,370.5,0.42,4.03,81.54,4.47,8.33,9.94,1.52,"1,696,914,000.00",2023-10-10
-2.9831,104.7527,367.16,0.26,3.98,67.95,3.78,5.7,6.78,1.22,"1,696,917,600.00",2023-10-10
-2.9831,104.7527,467.3,0.54,9.85,56.51,7.45,6.81,8.02,2.28,"1,696,921,200.00",2023-10-10
-2.9831,104.7527,580.79,1.08,15.59,52.21,11.32,10.01,11.71,3.26,"1,696,924,800.00",2023-10-10
-2.9831,104.7527,647.54,1.34,18.16,47.21,12.28,12.81,14.84,2.82,"1,696,928,400.00",2023-10-10
-2.9831,104.7527,1482.01,7.38,31.19,14.66,12.4,30.47,35.04,3.67,"1,696,932,000.00",2023-10-10
-2.9831,104.7527,3097.53,38.44,29.82,0.35,15.26,68.92,77.73,5.89,"1,696,935,600.00",2023-10-10
-2.9831,104.7527,4753.11,75.1,26.05,0,18.6,122.91,135.67,9.5,"1,696,939,200.00",2023-10-10
-2.9831,104.7527,5661.01,93.88,24.68,0,19.31,173.29,187.57,12.92,"1,696,942,800.00",2023-10-10
-2.9831,104.7527,5661.01,93.88,21.93,0,16.45,200.9,214.83,11.02,"1,696,946,400.00",2023-10-10
-2.9831,104.7527,4859.92,76,19.71,0,13.23,190,202.06,8.61,"1,696,950,000.00",2023-10-10
-2.9831,104.7527,3524.78,48.28,17.99,0,10.25,139,147.55,6.08,"1,696,953,600.00",2023-10-10
-2.9831,104.7527,2403.26,30.4,15.08,0,7.27,93.11,99.02,3.48,"1,696,957,200.00",2023-10-10
-2.9831,104.7527,1602.17,17.66,13.19,0.02,5.72,60.55,65.06,2.5,"1,696,960,800.00",2023-10-10
-2.9831,104.7527,847.82,3.05,14.91,1.92,4.71,30.23,33.48,1.92,"1,696,964,400.00",2023-10-10
-2.9831,104.7527,614.17,0.43,11.14,6.35,4.29,22.46,25.05,1.92,"1,696,968,000.00",2023-10-10
-2.9831,104.7527,560.76,0.22,9.42,9.03,4.29,22.47,24.67,1.95,"1,696,971,600.00",2023-10-10
-2.9831,104.7527,567.44,0.27,9.94,8.67,4.71,23.86,25.92,1.98,"1,696,975,200.00",2023-10-10
-2.9831,104.7527,607.49,0.54,11.14,6.26,5.6,25.3,27.57,2.28,"1,696,978,800.00",2023-10-10
-2.9831,104.7527,787.73,2.93,13.02,3.84,7.75,29.69,32.9,3.74,"1,696,982,400.00",2023-10-11
-2.9831,104.7527,1028.06,7.6,16.11,7.69,10.97,34.55,38.99,4.81,"1,696,986,000.00",2023-10-11
-2.9831,104.7527,1121.52,6.93,21.76,30.04,13.47,38.07,43.73,5.7,"1,696,989,600.00",2023-10-11
-2.9831,104.7527,894.55,2.79,17.99,90.12,12.4,35.14,41.56,5.76,"1,696,993,200.00",2023-10-11
-2.9831,104.7527,480.65,0.65,5.06,100.14,5.54,17.21,21.46,2.85,"1,696,996,800.00",2023-10-11
-2.9831,104.7527,433.92,0.41,3.34,97.27,3.99,12.42,15.75,2.15,"1,697,000,400.00",2023-10-11
-2.9831,104.7527,447.27,0.32,2.87,101.57,3.28,13.37,16.49,2.06,"1,697,004,000.00",2023-10-11
-2.9831,104.7527,514.03,0.4,4.33,117.3,4.53,17.52,20.83,2.66,"1,697,007,600.00",2023-10-11
-2.9831,104.7527,580.79,0.38,7.11,130.18,6.91,20.9,24.58,3.26,"1,697,011,200.00",2023-10-11
-2.9831,104.7527,627.52,0.19,9.34,124.45,8.11,23.55,27.34,3.58,"1,697,014,800.00",2023-10-11
-2.9831,104.7527,654.22,0.1,10.45,110.15,7.87,24.24,27.78,3.64,"1,697,018,400.00",2023-10-11
-2.9831,104.7527,640.87,0.02,10.11,97.27,6.68,21.34,24.89,3.58,"1,697,022,000.00",2023-10-11
-2.9831,104.7527,607.49,0,8.57,87.26,5.48,19.72,23.64,3.67,"1,697,025,600.00",2023-10-11
-2.9831,104.7527,600.81,0,7.11,79.39,4.53,22.82,27.32,3.96,"1,697,029,200.00",2023-10-11
-2.9831,104.7527,627.52,0,7.45,70.1,4.47,27.14,32.29,4.56,"1,697,032,800.00",2023-10-11
-2.9831,104.7527,660.9,0,8.57,61.51,4.71,31.08,37.04,5.26,"1,697,036,400.00",2023-10-11
-2.9831,104.7527,867.84,0,14.39,44.7,6.14,38.71,46.13,7.6,"1,697,040,000.00",2023-10-11
-2.9831,104.7527,974.66,0.02,18.51,27.54,6.2,42.33,50.76,6.27,"1,697,043,600.00",2023-10-11
-2.9831,104.7527,907.9,0.06,16.79,18.42,5.42,41.3,50.18,4.24,"1,697,047,200.00",2023-10-11
-2.9831,104.7527,894.55,0.16,16.11,12.34,5.48,42.62,52.35,3.99,"1,697,050,800.00",2023-10-11
-2.9831,104.7527,881.2,0.39,15.59,7.78,5.66,43.41,53.85,3.93,"1,697,054,400.00",2023-10-11
-2.9831,104.7527,867.84,0.86,14.74,4.34,5.78,42.37,53.34,3.89,"1,697,058,000.00",2023-10-11
-2.9831,104.7527,821.11,1.73,13.02,2.15,5.66,38.92,50.14,3.51,"1,697,061,600.00",2023-10-11
-2.9831,104.7527,867.84,3.91,12.85,0.72,6.38,38.25,49.65,3.36,"1,697,065,200.00",2023-10-11
-2.9831,104.7527,1174.93,10.17,13.88,2.41,9.18,46.46,58.79,4.94,"1,697,068,800.00",2023-10-12
-2.9831,104.7527,934.6,1.37,19.71,17.88,9.18,43.01,52.81,4.56,"1,697,072,400.00",2023-10-12
-2.9831,104.7527,847.82,1.23,14.91,36.12,8.46,46.37,56.32,5.13,"1,697,076,000.00",2023-10-12
-2.9831,104.7527,741,0.81,10.11,63.66,7.51,48.35,58.17,4.5,"1,697,079,600.00",2023-10-12
-2.9831,104.7527,634.19,0.34,4.67,101.57,4.11,42.05,49.47,3.01,"1,697,083,200.00",2023-10-12
-2.9831,104.7527,614.17,0.3,3.47,120.16,3.37,35.29,40.67,2.79,"1,697,086,800.00",2023-10-12
-2.9831,104.7527,647.54,0.29,3.21,137.33,3.04,36.57,40.72,3.29,"1,697,090,400.00",2023-10-12
-2.9831,104.7527,747.68,0.36,4.71,160.22,4.11,44.37,47.89,4.5,"1,697,094,000.00",2023-10-12
-2.9831,104.7527,847.82,0.38,6.85,174.52,5.54,51.41,54.47,5.64,"1,697,097,600.00",2023-10-12
-2.9831,104.7527,961.3,0.3,9.25,173.09,6.14,61.64,64.29,6.78,"1,697,101,200.00",2023-10-12
-2.9831,104.7527,1028.06,0.17,11.65,150.2,6.08,71.37,74.37,7.22,"1,697,104,800.00",2023-10-12
-2.9831,104.7527,988.01,0.02,12.68,118.73,5.6,70.21,74.53,6.65,"1,697,108,400.00",2023-10-12
-2.9831,104.7527,961.3,0,11.65,95.84,5.13,69.78,76.43,6.14,"1,697,112,000.00",2023-10-12
-2.9831,104.7527,974.66,0,10.28,94.41,4.89,81.36,91.3,5.89,"1,697,115,600.00",2023-10-12
-2.9831,104.7527,961.3,0,8.91,97.27,5.01,90.2,103.66,5.32,"1,697,119,200.00",2023-10-12
-2.9831,104.7527,907.9,0,7.88,95.84,5.01,88,103.96,4.37,"1,697,122,800.00",2023-10-12
-2.9831,104.7527,894.55,0,9,84.4,5.25,84.09,100.86,3.58,"1,697,126,400.00",2023-10-12
-2.9831,104.7527,841.14,0,9.17,70.81,4.77,79.13,95.44,2.34,"1,697,130,000.00",2023-10-12
-2.9831,104.7527,781.06,0,8.23,59.37,4.11,75.09,90.46,1.69,"1,697,133,600.00",2023-10-12
-2.9831,104.7527,761.03,0,8.57,47.92,4.11,73.8,88.49,1.63,"1,697,137,200.00",2023-10-12
-2.9831,104.7527,767.71,0,9.34,36.12,4.29,73.63,88,1.76,"1,697,140,800.00",2023-10-12
-2.9831,104.7527,774.38,0.01,9.94,27.18,4.41,72.81,87.1,1.96,"1,697,144,400.00",2023-10-12
-2.9831,104.7527,754.36,0.03,10.28,20.74,4.53,69.94,83.99,1.98,"1,697,148,000.00",2023-10-12
-2.9831,104.7527,781.06,0.08,12.17,17.34,5.25,66.89,80.98,2.12,"1,697,151,600.00",2023-10-12
-2.9831,104.7527,961.3,1.12,16.79,19.13,7.51,68.29,83.2,3.23,"1,697,155,200.00",2023-10-13
-2.9831,104.7527,894.55,0.38,16.11,38.98,7.87,61.06,74.96,2.85,"1,697,158,800.00",2023-10-13
-2.9831,104.7527,834.47,0.48,13.54,52.93,7.63,58.69,71.29,3.13,"1,697,162,400.00",2023-10-13
-2.9831,104.7527,741,0.41,10.37,66.52,7.33,58,69.25,2.88,"1,697,166,000.00",2023-10-13
-2.9831,104.7527,680.92,0.19,5.65,95.84,5.19,58.68,69.28,1.22,"1,697,169,600.00",2023-10-13
-2.9831,104.7527,640.87,0.27,3.9,107.29,4.41,48.74,56.62,1.09,"1,697,173,200.00",2023-10-13
-2.9831,104.7527,614.17,0.29,3.04,114.44,3.76,43.8,49.3,1.33,"1,697,176,800.00",2023-10-13
-2.9831,104.7527,607.49,0.31,3.26,121.59,3.7,42.21,46.92,1.77,"1,697,180,400.00",2023-10-13
-2.9831,104.7527,600.81,0.28,3.98,123.02,3.7,37.67,41.82,2.12,"1,697,184,000.00",2023-10-13
-2.9831,104.7527,600.81,0.22,4.76,118.73,3.4,30.85,34.12,2.44,"1,697,187,600.00",2023-10-13
-2.9831,104.7527,627.52,0.13,6.68,111.58,3.81,27.62,30.71,2.72,"1,697,191,200.00",2023-10-13
-2.9831,104.7527,654.22,0.01,8.31,100.14,4.35,30.14,34.65,3.04,"1,697,194,800.00",2023-10-13
-2.9831,104.7527,660.9,0,8.4,85.12,4.53,33.4,39.78,3.42,"1,697,198,400.00",2023-10-13
-2.9831,104.7527,660.9,0,8.65,70.81,4.59,32.82,41.19,3.99,"1,697,202,000.00",2023-10-13
-2.9831,104.7527,660.9,0,9.25,57.94,4.89,30.71,40.5,4.5,"1,697,205,600.00",2023-10-13
-2.9831,104.7527,667.57,0,10.02,50.07,5.36,30.73,41.72,4.43,"1,697,209,200.00",2023-10-13
-2.9831,104.7527,707.63,0,12,41.48,5.9,32.77,44.76,3.64,"1,697,212,800.00",2023-10-13
-2.9831,104.7527,674.25,0,11.82,35.05,5.25,32.72,44.71,2.12,"1,697,216,400.00",2023-10-13
-2.9831,104.7527,574.11,0,8.4,33.26,3.87,32.61,44.17,1.39,"1,697,220,000.00",2023-10-13
-2.9831,104.7527,547.41,0,7.03,31.83,3.52,36.2,47.68,1.36,"1,697,223,600.00",2023-10-13
-2.9831,104.7527,554.08,0,6.68,31.11,3.49,41.46,53.16,1.31,"1,697,227,200.00",2023-10-13
-2.9831,104.7527,567.44,0,6.34,31.11,3.43,46.94,58.89,1.23,"1,697,230,800.00",2023-10-13
-2.9831,104.7527,574.11,0,6.08,31.11,3.31,51.22,63.31,1.16,"1,697,234,400.00",2023-10-13
-2.9831,104.7527,620.84,0,7.28,31.83,3.81,55.36,67.78,1.31,"1,697,238,000.00",2023-10-13
-2.9831,104.7527,767.71,0.26,11.14,32.9,5.48,60.86,73.97,2.28,"1,697,241,600.00",2023-10-14
-2.9831,104.7527,841.14,0.45,12.68,37.91,6.26,61.87,74.85,3.04,"1,697,245,200.00",2023-10-14
-2.9831,104.7527,807.76,0.32,11.82,40.77,6.2,60.5,73.07,3.89,"1,697,248,800.00",2023-10-14
-2.9831,104.7527,741,0.28,9.6,47.21,5.9,58.28,69.94,4.12,"1,697,252,400.00",2023-10-14
-2.9831,104.7527,634.19,0.08,4.67,88.69,3.19,39.94,45.08,2.06,"1,697,256,000.00",2023-10-14
-2.9831,104.7527,600.81,0.06,4.03,91.55,2.68,32.37,35.68,1.92,"1,697,259,600.00",2023-10-14
-2.9831,104.7527,620.84,0.08,4.11,92.98,2.44,35.14,38.01,2.41,"1,697,263,200.00",2023-10-14
-2.9831,104.7527,680.92,0.27,5.48,97.27,3.34,42.29,45.24,3.42,"1,697,266,800.00",2023-10-14
-2.9831,104.7527,734.33,0.4,7.11,105.86,4.59,46.39,49.67,4.31,"1,697,270,400.00",2023-10-14
-2.9831,104.7527,781.06,0.44,8.57,110.15,5.19,49.77,53.24,5,"1,697,274,000.00",2023-10-14
-2.9831,104.7527,814.44,0.26,10.45,101.57,5.25,54.57,58.22,5.45,"1,697,277,600.00",2023-10-14
-2.9831,104.7527,821.11,0.02,11.82,83.68,5.01,60.04,64.2,5.64,"1,697,281,200.00",2023-10-14
-2.9831,104.7527,794.41,0,10.97,72.96,4.59,62.24,67.14,5.64,"1,697,284,800.00",2023-10-14
-2.9831,104.7527,761.03,0,9.42,71.53,3.81,62.34,67.63,5.19,"1,697,288,400.00",2023-10-14
-2.9831,104.7527,727.65,0,7.97,75.1,3.4,58.1,63.52,4.5,"1,697,292,000.00",2023-10-14
-2.9831,104.7527,714.3,0,7.11,78.68,3.28,55.54,61.04,4.05,"1,697,295,600.00",2023-10-14
-2.9831,104.7527,727.65,0,7.2,80.11,3.46,56.55,62.01,3.51,"1,697,299,200.00",2023-10-14
-2.9831,104.7527,714.3,0,6.68,77.25,3.25,57.45,62.67,2.47,"1,697,302,800.00",2023-10-14
-2.9831,104.7527,687.6,0,5.74,73.67,3.01,58.09,63.07,1.82,"1,697,306,400.00",2023-10-14
-2.9831,104.7527,680.92,0,5.74,67.23,3.13,59.12,64.13,1.57,"1,697,310,000.00",2023-10-14
-2.9831,104.7527,680.92,0,6.08,60.8,3.31,60.02,65.32,1.44,"1,697,313,600.00",2023-10-14
-2.9831,104.7527,674.25,0,6.34,55.07,3.43,60.88,66.65,1.36,"1,697,317,200.00",2023-10-14
-2.9831,104.7527,660.9,0,6.25,51.5,3.43,62.39,68.63,1.28,"1,697,320,800.00",2023-10-14
-2.9831,104.7527,674.25,0,7.11,50.07,3.99,66.6,73.26,1.5,"1,697,324,400.00",2023-10-14
-2.9831,104.7527,767.71,0.27,10.2,47.92,5.48,72.76,80.13,2.56,"1,697,328,000.00",2023-10-15
-2.9831,104.7527,807.76,0.33,10.97,47.21,5.84,69.77,77.78,3.29,"1,697,331,600.00",2023-10-15
-2.9831,104.7527,754.36,0.28,9.25,45.06,5.19,61.59,69.97,3.55,"1,697,335,200.00",2023-10-15
-2.9831,104.7527,680.92,0.17,7.11,45.78,4.47,54.88,63.22,3.23,"1,697,338,800.00",2023-10-15
-2.9831,104.7527,620.84,0.07,4.88,74.39,2.77,48.56,54.04,2.31,"1,697,342,400.00",2023-10-15
-2.9831,104.7527,607.49,0.08,4.93,84.4,2.56,40.25,43.79,2.44,"1,697,346,000.00",2023-10-15
-2.9831,104.7527,667.57,0.07,6,86.55,2.59,41.27,43.78,3.42,"1,697,349,600.00",2023-10-15
-2.9831,104.7527,754.36,0.09,7.63,88.69,3.07,47.49,49.26,4.69,"1,697,353,200.00",2023-10-15
-2.9831,104.7527,821.11,0.14,8.23,98.71,3.64,57.53,58.79,5.64,"1,697,356,800.00",2023-10-15
-2.9831,104.7527,867.84,0.15,8.65,108.72,4.05,67.05,67.85,6.65,"1,697,360,400.00",2023-10-15
-2.9831,104.7527,854.49,0.08,10.02,98.71,4.41,69.01,69.7,7.09,"1,697,364,000.00",2023-10-15
-2.9831,104.7527,774.38,0.01,10.88,77.25,4.53,63.54,64.49,6.4,"1,697,367,600.00",2023-10-15
-2.9831,104.7527,694.27,0,10.28,64.37,4.41,56.56,58.02,5.64,"1,697,371,200.00",2023-10-15
-2.9831,104.7527,614.17,0,8.48,59.37,3.93,49.78,52.02,4.75,"1,697,374,800.00",2023-10-15
-2.9831,104.7527,547.41,0,6.94,58.65,3.7,41.1,43.98,3.8,"1,697,378,400.00",2023-10-15
-2.9831,104.7527,507.35,0,6.17,58.65,3.76,34.75,38.14,2.98,"1,697,382,000.00",2023-10-15
-2.9831,104.7527,527.38,0,7.2,54.36,4.17,33.47,37.49,2.56,"1,697,385,600.00",2023-10-15
-2.9831,104.7527,514.03,0,7.8,47.92,3.99,33.28,37.64,1.82,"1,697,389,200.00",2023-10-15
-2.9831,104.7527,500.68,0,7.8,43.99,4.05,34.31,38.99,1.61,"1,697,392,800.00",2023-10-15
-2.9831,104.7527,500.68,0,8.05,40.41,4.35,36.54,41.66,1.63,"1,697,396,400.00",2023-10-15
-2.9831,104.7527,487.33,0,7.8,38.27,4.35,38.22,43.61,1.46,"1,697,400,000.00",2023-10-15
-2.9831,104.7527,473.98,0,7.2,38.27,4.23,39.15,44.69,1.28,"1,697,403,600.00",2023-10-15
-2.9831,104.7527,460.62,0,6.85,39.7,4.23,39.7,45.41,1.14,"1,697,407,200.00",2023-10-15
-2.9831,104.7527,487.33,0,8.23,38.62,4.95,40.97,47.06,1.36,"1,697,410,800.00",2023-10-15
-2.9831,104.7527,594.14,0.4,11.48,39.34,6.44,43.5,50.32,2.34,"1,697,414,400.00",2023-10-16
-2.9831,104.7527,647.54,0.96,11.14,54.36,6.74,46.18,53.62,2.72,"1,697,418,000.00",2023-10-16
-2.9831,104.7527,634.19,0.7,9.08,70.1,6.44,51.7,59.44,2.75,"1,697,421,600.00",2023-10-16
-2.9831,104.7527,607.49,0.37,7.03,85.12,5.9,59.41,67,2.31,"1,697,425,200.00",2023-10-16
-2.9831,104.7527,587.46,0.21,5.01,104.43,4.11,61.29,67.71,2.41,"1,697,428,800.00",2023-10-16
-2.9831,104.7527,614.17,0.24,4.93,133.04,3.67,62.69,67.84,3.8,"1,697,432,400.00",2023-10-16
-2.9831,104.7527,687.6,0.27,5.4,165.94,3.4,72.26,76.86,5.51,"1,697,436,000.00",2023-10-16
-2.9831,104.7527,727.65,0.26,6.51,180.24,3.46,72.55,76.61,6.84,"1,697,439,600.00",2023-10-16
-2.9831,104.7527,761.03,0.17,7.88,170.23,3.64,72.52,75.93,7.92,"1,697,443,200.00",2023-10-16
-2.9831,104.7527,774.38,0.06,9.68,134.47,3.64,73.24,76.24,8.36,"1,697,446,800.00",2023-10-16
-2.9831,104.7527,754.36,0.06,12.51,88.69,3.87,67.46,70.63,7.85,"1,697,450,400.00",2023-10-16
-2.9831,104.7527,674.25,0.02,14.39,52.21,4.17,53.21,57.51,6.59,"1,697,454,000.00",2023-10-16
-2.9831,104.7527,614.17,0,13.88,36.12,4.41,42.13,47.99,5.89,"1,697,457,600.00",2023-10-16
-2.9831,104.7527,560.76,0,12.17,32.19,4.17,36.3,43.75,5.45,"1,697,461,200.00",2023-10-16
-2.9831,104.7527,527.38,0,10.37,31.47,4.11,31.67,40.7,4.94,"1,697,464,800.00",2023-10-16
-2.9831,104.7527,520.71,0,9.51,30.76,4.23,29.16,39.32,4.56,"1,697,468,400.00",2023-10-16
-2.9831,104.7527,587.46,0.02,11.65,24.68,4.83,30.65,41.45,4.24,"1,697,472,000.00",2023-10-16
-2.9831,104.7527,600.81,0.06,12.85,17.7,4.65,31.16,41.87,2.75,"1,697,475,600.00",2023-10-16
-2.9831,104.7527,547.41,0.1,11.65,14.31,4.11,30.77,41.14,2.12,"1,697,479,200.00",2023-10-16
-2.9831,104.7527,540.73,0.15,11.65,11.62,4.35,32.75,43.02,2.28,"1,697,482,800.00",2023-10-16
-2.9831,104.7527,547.41,0.2,12,9.83,4.59,34.77,44.99,2.25,"1,697,486,400.00",2023-10-16
-2.9831,104.7527,540.73,0.23,11.82,9.12,4.65,35.25,45.38,2.15,"1,697,490,000.00",2023-10-16
-2.9831,104.7527,514.03,0.24,11.31,9.39,4.71,33.76,43.68,1.93,"1,697,493,600.00",2023-10-16
-2.9831,104.7527,534.06,0.29,12.17,9.75,5.36,32.77,42.58,2.03,"1,697,497,200.00",2023-10-16
-2.9831,104.7527,674.25,0.73,16.11,13.23,7.33,36.77,46.96,3.13,"1,697,500,800.00",2023-10-17
-2.9831,104.7527,627.52,0.78,12.85,43.99,7.03,42.01,51.04,3.1,"1,697,504,400.00",2023-10-17
-2.9831,104.7527,574.11,0.99,8.31,60.08,5.84,41.99,50.74,3.36,"1,697,508,000.00",2023-10-17
-2.9831,104.7527,520.71,0.68,4.93,77.96,4.77,42.11,49.86,2.88,"1,697,511,600.00",2023-10-17
-2.9831,104.7527,473.98,0.29,2.33,103,3.1,38.55,43.05,1.27,"1,697,515,200.00",2023-10-17
-2.9831,104.7527,433.92,0.27,2.01,95.84,2.65,29.35,32.79,1.27,"1,697,518,800.00",2023-10-17
-2.9831,104.7527,407.22,0.26,1.99,95.84,2.24,25.49,28.92,1.52,"1,697,522,400.00",2023-10-17
-2.9831,104.7527,413.89,0.29,2.46,105.86,2.26,27.67,31.91,1.8,"1,697,526,000.00",2023-10-17
-2.9831,104.7527,427.25,0.3,3.08,111.58,2.44,28.84,33.15,2.12,"1,697,529,600.00",2023-10-17
-2.9831,104.7527,440.6,0.29,3.86,105.86,2.5,28.21,32.33,2.44,"1,697,533,200.00",2023-10-17
-2.9831,104.7527,447.27,0.2,5.65,87.26,2.89,25.87,30.18,2.6,"1,697,536,800.00",2023-10-17
-2.9831,104.7527,447.27,0.02,7.28,64.37,3.46,22.45,27.8,2.66,"1,697,540,400.00",2023-10-17
-2.9831,104.7527,440.6,0,7.37,52.21,3.87,19.15,25.91,2.82,"1,697,544,000.00",2023-10-17
-2.9831,104.7527,453.95,0,7.8,47.21,4.41,18.46,26.73,3.32,"1,697,547,600.00",2023-10-17
-2.9831,104.7527,480.65,0,8.57,44.7,4.95,20.52,30.25,4.02,"1,697,551,200.00",2023-10-17
-2.9831,104.7527,520.71,0,9.34,44.35,5.54,24.67,35.84,4.62,"1,697,554,800.00",2023-10-17
-2.9831,104.7527,554.08,0,10.45,42.92,5.96,28.97,41.1,4.37,"1,697,558,400.00",2023-10-17
-2.9831,104.7527,520.71,0,9.77,42.56,5.3,30.81,42.97,2.94,"1,697,562,000.00",2023-10-17
-2.9831,104.7527,467.3,0,7.97,43.63,4.47,33.64,45.41,2.06,"1,697,565,600.00",2023-10-17
-2.9831,104.7527,467.3,0,7.54,42.92,4.35,37.87,49.35,1.8,"1,697,569,200.00",2023-10-17
-2.9831,104.7527,480.65,0,7.97,41.13,4.47,42.28,53.67,1.69,"1,697,572,800.00",2023-10-17
-2.9831,104.7527,494,0,8.57,38.98,4.59,45.84,57.21,1.61,"1,697,576,400.00",2023-10-17
-2.9831,104.7527,514.03,0,9.08,37.55,4.77,48.56,60.07,1.6,"1,697,580,000.00",2023-10-17
-2.9831,104.7527,560.76,0,10.97,36.84,5.6,52.26,64.21,2.06,"1,697,583,600.00",2023-10-17
-2.9831,104.7527,741,0.78,15.42,38.27,7.87,60.69,73.68,3.7,"1,697,587,200.00",2023-10-18
-2.9831,104.7527,807.76,2.24,14.91,55.79,8.94,66.1,79.64,4.43,"1,697,590,800.00",2023-10-18
-2.9831,104.7527,714.3,1.58,10.97,87.98,8.11,67.77,81.21,4.43,"1,697,594,400.00",2023-10-18
-2.9831,104.7527,587.46,0.74,6.51,111.58,6.74,67.13,79.44,3.32,"1,697,598,000.00",2023-10-18
-2.9831,104.7527,507.35,0.29,3,114.44,3.67,50.74,58.98,2.12,"1,697,601,600.00",2023-10-18
-2.9831,104.7527,467.3,0.25,2.78,104.43,2.83,35.18,39.97,2.09,"1,697,605,200.00",2023-10-18
-2.9831,104.7527,487.33,0.21,2.91,108.72,2.38,31.84,35.05,2.6,"1,697,608,800.00",2023-10-18
-2.9831,104.7527,527.38,0.2,3.86,118.73,2.92,33.85,36.02,3.32,"1,697,612,400.00",2023-10-18
-2.9831,104.7527,514.03,0.17,5.01,108.72,3.76,30.61,31.98,3.23,"1,697,616,000.00",2023-10-18
-2.9831,104.7527,410.56,0.09,5.57,78.68,4.23,17.24,18.18,2.18,"1,697,619,600.00",2023-10-18
-2.9831,104.7527,410.56,0.13,9.68,56.51,6.14,10.32,11.75,2.15,"1,697,623,200.00",2023-10-18
-2.9831,104.7527,480.65,0.03,14.57,44.35,7.87,10.26,12.85,3.04,"1,697,626,800.00",2023-10-18
-2.9831,104.7527,534.06,0,16.45,39.34,8.82,12.49,16.64,4.31,"1,697,630,400.00",2023-10-18
-2.9831,104.7527,540.73,0,15.42,38.62,8.58,14.68,20.49,5.26,"1,697,634,000.00",2023-10-18
-2.9831,104.7527,554.08,0,14.91,36.12,8.58,17.19,24.49,6.02,"1,697,637,600.00",2023-10-18
-2.9831,104.7527,580.79,0,15.25,31.83,8.58,20.13,29.05,6.4,"1,697,641,200.00",2023-10-18
-2.9831,104.7527,654.22,0.03,17.31,24.32,8.58,23.46,33.8,6.08,"1,697,644,800.00",2023-10-18
-2.9831,104.7527,634.19,0.08,17.31,17.88,7.51,23.09,33.69,3.96,"1,697,648,400.00",2023-10-18
-2.9831,104.7527,547.41,0.11,14.39,15.02,6.38,22.08,32.38,2.94,"1,697,652,000.00",2023-10-18
-2.9831,104.7527,534.06,0.18,13.37,11.8,6.2,24.17,34.57,3.04,"1,697,655,600.00",2023-10-18
-2.9831,104.7527,554.08,0.38,13.37,7.87,6.26,27.17,37.86,3.13,"1,697,659,200.00",2023-10-18
-2.9831,104.7527,567.44,0.8,13.19,4.65,6.5,29.74,40.58,3.26,"1,697,662,800.00",2023-10-18
-2.9831,104.7527,567.44,1.42,12.68,2.84,6.68,30.05,40.08,2.98,"1,697,666,400.00",2023-10-18
-2.9831,104.7527,640.87,2.91,13.71,1.39,7.57,31.77,40.66,3.01,"1,697,670,000.00",2023-10-18
-2.9831,104.7527,947.95,8.05,16.79,0.44,10.97,39.79,48.84,4.43,"1,697,673,600.00",2023-10-19
-2.9831,104.7527,687.6,2.21,22.28,7.24,13.47,29.28,34.83,3.1,"1,697,677,200.00",2023-10-19
-2.9831,104.7527,654.22,2.01,20.91,11.35,13.71,29.97,34.6,3.32,"1,697,680,800.00",2023-10-19
-2.9831,104.7527,580.79,1.47,18.68,19.13,13.23,27.86,31.66,3.29,"1,697,684,400.00",2023-10-19
-2.9831,104.7527,680.92,1.93,21.08,26.82,13.95,27.25,30.97,4.75,"1,697,688,000.00",2023-10-19
-2.9831,104.7527,834.47,1.66,25.02,33.26,14.07,27.64,31.58,5.7,"1,697,691,600.00",2023-10-19
-2.9831,104.7527,854.49,1.08,24.33,35.41,11.68,23.79,27.3,5.38,"1,697,695,200.00",2023-10-19
-2.9831,104.7527,988.01,1.16,27.42,31.83,11.92,23.92,27.39,5.64,"1,697,698,800.00",2023-10-19
-2.9831,104.7527,1014.71,1.27,29.13,28.61,12.87,23.76,27.21,4.62,"1,697,702,400.00",2023-10-19
-2.9831,104.7527,881.2,1.24,26.73,24.68,13.35,19.07,21.95,3.13,"1,697,706,000.00",2023-10-19
-2.9831,104.7527,921.25,2.18,26.73,16.09,13.11,17.94,20.75,2.69,"1,697,709,600.00",2023-10-19
-2.9831,104.7527,1428.6,8.27,32.22,1.63,14.07,28.41,32.93,4.12,"1,697,713,200.00",2023-10-19
-2.9831,104.7527,1949.31,20.34,27.76,0.01,15.5,45.59,52.14,6.46,"1,697,716,800.00",2023-10-19
-2.9831,104.7527,2616.88,35.76,23.31,0,21.22,76.58,86.74,19,"1,697,720,400.00",2023-10-19
-2.9831,104.7527,3524.78,54.54,23.65,0,34.33,124.9,139.14,41.54,"1,697,724,000.00",2023-10-19
-2.9831,104.7527,4646.3,72.42,27.08,0,47.68,183.29,200.1,65.86,"1,697,727,600.00",2023-10-19
-2.9831,104.7527,5500.79,83.15,30.85,0,55.79,230.4,247.7,81.06,"1,697,731,200.00",2023-10-19
-2.9831,104.7527,5447.39,84.04,31.19,0,52.93,237.97,251.9,78.02,"1,697,734,800.00",2023-10-19
-2.9831,104.7527,4486.08,70.63,27.76,0,37.19,207.56,216.73,52.18,"1,697,738,400.00",2023-10-19
-2.9831,104.7527,1548.77,14.19,33.24,0.04,12.52,71.76,75.95,5.64,"1,697,742,000.00",2023-10-19
-2.9831,104.7527,988.01,4.25,26.05,0.4,7.75,45.88,49.71,2.34,"1,697,745,600.00",2023-10-19
-2.9831,104.7527,734.33,1.58,18.51,1.52,6.08,35.48,38.8,1.87,"1,697,749,200.00",2023-10-19
-2.9831,104.7527,607.49,0.81,13.71,3,5.72,32.4,35.27,1.79,"1,697,752,800.00",2023-10-19
-2.9831,104.7527,574.11,0.94,12,3,6.14,32.06,34.84,2.06,"1,697,756,400.00",2023-10-19
-2.9831,104.7527,674.25,2.74,12.68,1.5,7.75,33.7,37.19,3.2,"1,697,760,000.00",2023-10-20
-2.9831,104.7527,767.71,3.16,17.31,3.58,10.13,32.71,36.12,3.74,"1,697,763,600.00",2023-10-20
-2.9831,104.7527,834.47,4.25,21.08,5.23,12.99,32.01,35.69,4.62,"1,697,767,200.00",2023-10-20
-2.9831,104.7527,847.82,4.36,24.33,10.46,15.74,30.95,35.01,5.64,"1,697,770,800.00",2023-10-20
-2.9831,104.7527,1428.6,6.71,33.93,15.38,17.64,46.5,52.94,9.88,"1,697,774,400.00",2023-10-20
-2.9831,104.7527,2296.45,7.38,50.72,15.2,19.31,76.28,86.12,11.02,"1,697,778,000.00",2023-10-20
-2.9831,104.7527,2643.59,4.92,67.17,14.84,22.89,91.8,103.7,12.41,"1,697,781,600.00",2023-10-20
-2.9831,104.7527,2990.72,4.14,89.11,18.24,32.42,107.58,120.26,16.72,"1,697,785,200.00",2023-10-20
-2.9831,104.7527,2990.72,4.36,90.48,13.77,31.95,109.73,120.94,9.5,"1,697,788,800.00",2023-10-20
-2.9831,104.7527,2243.04,4.69,76.77,13.05,27.18,82.68,90.44,4.31,"1,697,792,400.00",2023-10-20
-2.9831,104.7527,1001.36,2.74,37.01,28.61,17.64,35.95,39.51,2.31,"1,697,796,000.00",2023-10-20
-2.9831,104.7527,1094.82,0.85,33.24,11.09,13.11,31.66,35.77,2.88,"1,697,799,600.00",2023-10-20
-2.9831,104.7527,1308.44,2.85,30.16,2.12,12.87,36.57,42.08,3.89,"1,697,803,200.00",2023-10-20
-2.9831,104.7527,1615.52,9.28,24.33,0.24,12.4,50.13,58.95,5.57,"1,697,806,800.00",2023-10-20
-2.9831,104.7527,2029.42,19,19.36,0.01,12.64,71.27,84.26,7.85,"1,697,810,400.00",2023-10-20
-2.9831,104.7527,2456.67,28.16,17.14,0,14.31,95.34,112.18,11.53,"1,697,814,000.00",2023-10-20
-2.9831,104.7527,2723.69,34.87,16.11,0,14.78,111.16,128.7,11.91,"1,697,817,600.00",2023-10-20
-2.9831,104.7527,2590.18,34.42,16.28,0,10.97,107.7,120.36,5.38,"1,697,821,200.00",2023-10-20
-2.9831,104.7527,2056.12,21.9,20.91,0,8.11,91.48,99.14,2.56,"1,697,824,800.00",2023-10-20
-2.9831,104.7527,1508.71,7.49,24.33,0.13,6.26,71.28,76.52,1.82,"1,697,828,400.00",2023-10-20
-2.9831,104.7527,1108.17,2.96,17.65,0.42,4.41,54.18,58.14,1.55,"1,697,832,000.00",2023-10-20
-2.9831,104.7527,794.41,1.82,11.82,0.58,3.87,40,42.9,1.52,"1,697,835,600.00",2023-10-20
-2.9831,104.7527,547.41,1.08,9.51,1.65,4.35,25.91,27.91,1.36,"1,697,839,200.00",2023-10-20
-2.9831,104.7527,460.62,1.52,8.65,1.23,5.01,19.47,21.23,1.57,"1,697,842,800.00",2023-10-20
-2.9831,104.7527,527.38,3.38,8.91,0.97,6.32,18.65,20.84,2.44,"1,697,846,400.00",2023-10-21
-2.9831,104.7527,640.87,2.96,13.54,5.72,7.99,19.54,21.85,2.82,"1,697,850,000.00",2023-10-21
-2.9831,104.7527,714.3,2.68,17.31,16.63,10.37,20.97,23.46,3.58,"1,697,853,600.00",2023-10-21
-2.9831,104.7527,714.3,2.21,19.02,41.13,12.52,22.36,25.33,4.31,"1,697,857,200.00",2023-10-21
-2.9831,104.7527,514.03,0.82,9.68,63.66,7.39,16.01,18.1,2.47,"1,697,860,800.00",2023-10-21
-2.9831,104.7527,423.91,0.35,6.94,61.51,5.54,11.61,13.31,1.79,"1,697,864,400.00",2023-10-21
-2.9831,104.7527,393.87,0.16,6.25,50.78,4.65,9.49,11.07,1.47,"1,697,868,000.00",2023-10-21
-2.9831,104.7527,654.22,0.27,15.59,33.97,7.75,14.03,16.43,3.96,"1,697,871,600.00",2023-10-21
-2.9831,104.7527,1094.82,0.48,29.47,20.74,11.92,24.23,28.02,6.52,"1,697,875,200.00",2023-10-21
-2.9831,104.7527,1455.31,0.62,39.07,10.73,13.83,33.22,37.77,5.57,"1,697,878,800.00",2023-10-21
-2.9831,104.7527,1762.39,2.93,43.87,3.04,14.54,39.62,44.42,4.62,"1,697,882,400.00",2023-10-21
-2.9831,104.7527,2082.82,7.82,45.93,0.36,15.5,46.94,51.95,4.24,"1,697,886,000.00",2023-10-21
-2.9831,104.7527,2056.12,6.03,43.87,0.76,14.31,50.03,55.2,3.89,"1,697,889,600.00",2023-10-21
-2.9831,104.7527,2216.34,8.83,34.62,0.33,11.44,63.4,70.56,4.81,"1,697,893,200.00",2023-10-21
-2.9831,104.7527,2643.59,19.45,24.33,0.01,10.73,88.27,98.32,6.78,"1,697,896,800.00",2023-10-21
-2.9831,104.7527,2990.72,29.5,19.02,0,12.4,111.67,123.81,10.89,"1,697,900,400.00",2023-10-21
-2.9831,104.7527,3124.24,37.1,16.79,0,13.47,124.91,137.63,12.54,"1,697,904,000.00",2023-10-21
-2.9831,104.7527,2964.02,38.44,15.08,0,9.3,122.72,133,5.64,"1,697,907,600.00",2023-10-21
-2.9831,104.7527,2323.15,26.15,16.96,0.01,5.96,101.4,107.13,2.41,"1,697,911,200.00",2023-10-21
-2.9831,104.7527,1148.22,2.01,20.91,2.1,5.25,50.93,53.63,1.49,"1,697,914,800.00",2023-10-21
-2.9831,104.7527,801.09,0.59,13.37,2.77,4.29,34.44,36.43,1.57,"1,697,918,400.00",2023-10-21
-2.9831,104.7527,634.19,0.8,10.54,2.03,4.35,26.76,28.34,1.68,"1,697,922,000.00",2023-10-21
-2.9831,104.7527,554.08,0.75,10.97,2.82,5.25,22.44,23.8,1.71,"1,697,925,600.00",2023-10-21
-2.9831,104.7527,540.73,0.87,12.34,2.91,6.44,20.81,22.27,1.93,"1,697,929,200.00",2023-10-21
-2.9831,104.7527,647.54,2.54,14.05,1.7,8.23,23.03,25.14,2.91,"1,697,932,800.00",2023-10-22
-2.9831,104.7527,801.09,4.92,18.16,2.46,11.56,25.82,28.35,3.61,"1,697,936,400.00",2023-10-22
-2.9831,104.7527,934.6,5.87,25.36,3.26,15.74,28.69,31.65,4.12,"1,697,940,000.00",2023-10-22
-2.9831,104.7527,921.25,4.69,31.87,5.41,18.36,29.41,32.86,4.43,"1,697,943,600.00",2023-10-22
-2.9831,104.7527,761.03,1.82,28.1,22.71,15.02,27.4,31.21,3.64,"1,697,947,200.00",2023-10-22
-2.9831,104.7527,600.81,0.23,20.56,37.19,10.97,26.04,30.09,2.79,"1,697,950,800.00",2023-10-22
-2.9831,104.7527,507.35,0.07,12.51,45.06,7.09,25.23,29.06,2.12,"1,697,954,400.00",2023-10-22
-2.9831,104.7527,600.81,0.2,14.05,43.99,8.34,27.7,31.29,3.13,"1,697,958,000.00",2023-10-22
-2.9831,104.7527,741,0.17,20.73,35.76,11.92,30.38,33.67,3.93,"1,697,961,600.00",2023-10-22
-2.9831,104.7527,781.06,0.15,20.91,33.26,11.21,30.02,32.66,2.85,"1,697,965,200.00",2023-10-22
-2.9831,104.7527,827.79,0.34,18.34,32.19,8.58,29.42,32.03,2.06,"1,697,968,800.00",2023-10-22
-2.9831,104.7527,974.66,0.09,21.08,18.95,8.46,31.53,34.91,2.31,"1,697,972,400.00",2023-10-22
-2.9831,104.7527,1121.52,0.44,22.62,8.49,9.06,36.11,40.72,3.13,"1,697,976,000.00",2023-10-22
-2.9831,104.7527,1201.63,2.21,20.73,2.55,8.82,42.06,48.63,4.05,"1,697,979,600.00",2023-10-22
-2.9831,104.7527,1308.44,5.98,17.31,0.34,8.46,49.31,58.1,4.75,"1,697,983,200.00",2023-10-22
-2.9831,104.7527,1415.25,10.51,14.05,0.05,8.58,56.62,67.47,5.51,"1,697,986,800.00",2023-10-22
-2.9831,104.7527,1495.36,15.65,11.48,0.01,8.34,60.73,72.34,5.51,"1,697,990,400.00",2023-10-22
-2.9831,104.7527,1441.96,19.45,9.25,0,7.15,57.85,67.31,4.18,"1,697,994,000.00",2023-10-22
-2.9831,104.7527,1361.85,22.35,7.71,0,7.09,56.3,64.31,4.56,"1,697,997,600.00",2023-10-22
-2.9831,104.7527,1308.44,23.25,6.77,0,6.91,57.87,64.2,4.81,"1,698,001,200.00",2023-10-22
-2.9831,104.7527,1214.98,22.13,6.34,0,6.38,58.63,63.55,4.02,"1,698,004,800.00",2023-10-22
-2.9831,104.7527,1094.82,19,6.94,0,6.14,56.25,60.09,3.23,"1,698,008,400.00",2023-10-22
-2.9831,104.7527,961.3,14.75,8.4,0,6.08,47.51,50.57,2.53,"1,698,012,000.00",2023-10-22
-2.9831,104.7527,947.95,14.19,7.8,0,6.38,43.31,46.39,2.66,"1,698,015,600.00",2023-10-22
-2.9831,104.7527,1108.17,17.43,7.88,0.15,8.58,46.22,50.27,4.24,"1,698,019,200.00",2023-10-23
-2.9831,104.7527,1028.06,15.42,20.22,5.1,14.78,42.03,45.9,4.18,"1,698,022,800.00",2023-10-23
-2.9831,104.7527,1014.71,9.39,26.73,30.76,16.21,39.64,44.05,4.75,"1,698,026,400.00",2023-10-23
-2.9831,104.7527,894.55,3.1,20.39,107.29,14.78,39.78,45.15,5,"1,698,030,000.00",2023-10-23
-2.9831,104.7527,747.68,0.64,7.54,178.81,8.11,55.22,61.57,4.5,"1,698,033,600.00",2023-10-23
-2.9831,104.7527,687.6,0.47,6.17,180.24,6.56,47.83,53.35,4.05,"1,698,037,200.00",2023-10-23
-2.9831,104.7527,640.87,0.45,6.17,171.66,6.26,40.96,45.82,3.64,"1,698,040,800.00",2023-10-23
-2.9831,104.7527,854.49,0.8,12.85,173.09,10.13,44.34,49.69,5.83,"1,698,044,400.00",2023-10-23
-2.9831,104.7527,1174.93,0.85,21.08,170.23,14.78,53.24,59.49,8.23,"1,698,048,000.00",2023-10-23
-2.9831,104.7527,1335.14,0.58,27.76,131.61,16.69,54.93,61.34,8.99,"1,698,051,600.00",2023-10-23
-2.9831,104.7527,1348.5,0.19,33.24,75.1,15.26,48.35,54.02,8.49,"1,698,055,200.00",2023-10-23
-2.9831,104.7527,1295.09,0.02,35.99,38.98,13.71,41.25,46.23,7.85,"1,698,058,800.00",2023-10-23
-2.9831,104.7527,1094.82,0,30.5,26.82,11.68,33.75,38.13,7.16,"1,698,062,400.00",2023-10-23
-2.9831,104.7527,720.98,0,17.31,26.82,8.11,23.57,27.33,4.88,"1,698,066,000.00",2023-10-23
-2.9831,104.7527,640.87,0.02,13.54,21.64,7.03,22.61,27.02,4.12,"1,698,069,600.00",2023-10-23
-2.9831,104.7527,660.9,0.06,13.37,16.81,7.09,24.71,29.91,3.7,"1,698,073,200.00",2023-10-23
-2.9831,104.7527,761.03,0.28,15.77,10.73,7.75,28.55,34.6,3.39,"1,698,076,800.00",2023-10-23
-2.9831,104.7527,881.2,1.24,19.71,3.4,8.34,33.26,39.8,2.69,"1,698,080,400.00",2023-10-23
-2.9831,104.7527,988.01,3.19,22.28,0.47,7.99,39.53,46.56,2.31,"1,698,084,000.00",2023-10-23
-2.9831,104.7527,1081.47,3.91,22.96,0.26,6.44,46.61,54.49,2.03,"1,698,087,600.00",2023-10-23
-2.9831,104.7527,1108.17,4.02,19.71,0.22,5.48,49.63,58.04,2.01,"1,698,091,200.00",2023-10-23
-2.9831,104.7527,1054.76,4.25,15.94,0.21,5.25,49.01,56.35,2.12,"1,698,094,800.00",2023-10-23
-2.9831,104.7527,1014.71,5.03,13.71,0.12,5.72,48.05,54.14,2.18,"1,698,098,400.00",2023-10-23
-2.9831,104.7527,1014.71,6.59,12.68,0.06,6.74,48.11,53.99,2.44,"1,698,102,000.00",2023-10-23
-2.9831,104.7527,1214.98,12.07,12.17,0.21,9.42,54.53,60.92,4.05,"1,698,105,600.00",2023-10-24
-2.9831,104.7527,1401.9,16.09,21.42,1.86,14.9,49.32,55.98,6.46,"1,698,109,200.00",2023-10-24
-2.9831,104.7527,1188.28,5.59,31.53,10.28,17.88,47.77,53.44,5.95,"1,698,112,800.00",2023-10-24
-2.9831,104.7527,1428.6,10.39,37.01,9.48,20.98,49.01,58,9.63,"1,698,116,400.00",2023-10-24
-2.9831,104.7527,700.95,0.43,16.11,57.94,9.06,30.24,35.14,3.42,"1,698,120,000.00",2023-10-24
-2.9831,104.7527,554.08,0.13,9,65.09,5.96,20.93,24.08,2.06,"1,698,123,600.00",2023-10-24
-2.9831,104.7527,620.84,0.19,7.54,89.41,6.5,40.69,44.79,1.44,"1,698,127,200.00",2023-10-24
-2.9831,104.7527,574.11,0.51,9.68,62.94,6.97,16.43,18.44,2.37,"1,698,130,800.00",2023-10-24
-2.9831,104.7527,694.27,1.16,14.57,67.23,10.25,18.69,20.92,3.61,"1,698,134,400.00",2023-10-24
-2.9831,104.7527,767.71,1.42,16.28,67.95,10.61,18.46,20.77,4.18,"1,698,138,000.00",2023-10-24
-2.9831,104.7527,834.47,1.06,19.54,52.93,10.13,16.73,19.12,4.5,"1,698,141,600.00",2023-10-24
-2.9831,104.7527,947.95,0.13,25.02,31.47,11.32,16.52,19.31,5.38,"1,698,145,200.00",2023-10-24
-2.9831,104.7527,1028.06,0.07,26.73,18.42,12.52,18.06,21.47,6.71,"1,698,148,800.00",2023-10-24
-2.9831,104.7527,1789.09,6.54,33.24,2.86,14.19,59.61,67.67,9.75,"1,698,152,400.00",2023-10-24
-2.9831,104.7527,2696.99,24.36,27.76,0.01,14.19,98.66,111.79,8.99,"1,698,156,000.00",2023-10-24
-2.9831,104.7527,3524.78,42.47,21.93,0,14.54,143.69,161.46,9.37,"1,698,159,600.00",2023-10-24
-2.9831,104.7527,2216.34,16.99,29.13,0.02,15.5,77.58,90.75,10.89,"1,698,163,200.00",2023-10-24
-2.9831,104.7527,2323.15,22.8,26.39,0,14.07,84.32,97.72,8.04,"1,698,166,800.00",2023-10-24
-2.9831,104.7527,2269.74,25.48,22.96,0,11.92,86.36,99.17,6.4,"1,698,170,400.00",2023-10-24
-2.9831,104.7527,3391.27,60.8,12.34,0,6.74,177.38,188.23,3.99,"1,698,174,000.00",2023-10-24
-2.9831,104.7527,2349.85,39.79,10.02,0,4.89,126.87,133.45,2.5,"1,698,177,600.00",2023-10-24
-2.9831,104.7527,1468.66,22.13,8.14,0,4.23,80.61,84.57,1.79,"1,698,181,200.00",2023-10-24
-2.9831,104.7527,640.87,3.02,11.82,0.99,5.72,33.74,36.06,1.31,"1,698,184,800.00",2023-10-24
-2.9831,104.7527,560.76,2.01,10.97,1.45,6.26,26.8,28.69,1.58,"1,698,188,400.00",2023-10-24
-2.9831,104.7527,654.22,2.77,11.65,1.43,7.39,26.19,28.29,2.44,"1,698,192,000.00",2023-10-25
-2.9831,104.7527,754.36,3.3,15.77,4.25,9.54,26.9,29.54,3.48,"1,698,195,600.00",2023-10-25
-2.9831,104.7527,867.84,4.36,20.22,5.68,12.28,20.98,24.61,5.7,"1,698,199,200.00",2023-10-25
-2.9831,104.7527,827.79,2.12,18.85,37.91,12.64,32.85,37.1,5,"1,698,202,800.00",2023-10-25
-2.9831,104.7527,640.87,0.77,8.4,73.67,6.85,29.65,32.34,4.05,"1,698,206,400.00",2023-10-25
-2.9831,104.7527,594.14,0.22,9.34,71.53,6.02,13.12,15.02,2.88,"1,698,210,000.00",2023-10-25
-2.9831,104.7527,560.76,0.11,8.23,74.39,5.36,11.31,12.91,2.34,"1,698,213,600.00",2023-10-25
-2.9831,104.7527,1401.9,2.07,22.62,143.05,13.35,55.72,60.64,10.89,"1,698,217,200.00",2023-10-25
-2.9831,104.7527,554.08,0.11,8.4,72.96,5.6,10.13,11.36,2.25,"1,698,220,800.00",2023-10-25
-2.9831,104.7527,3284.45,1.23,48.67,346.18,36.72,160,171.24,32.93,"1,698,224,400.00",2023-10-25
-2.9831,104.7527,4112.24,0.59,26.39,46.49,10.37,17.83,20.78,6.52,"1,698,228,000.00",2023-10-25
-2.9831,104.7527,5607.6,0.08,109.67,185.97,59.13,250.25,265.36,47.12,"1,698,231,600.00",2023-10-25
-2.9831,104.7527,2857.21,11.06,63.75,0.26,21.7,62.92,73.16,18.75,"1,698,235,200.00",2023-10-25
-2.9831,104.7527,3417.97,0,64.43,58.65,27.18,149.93,158.59,9.88,"1,698,238,800.00",2023-10-25
-2.9831,104.7527,3337.86,0,58.95,37.19,21.46,147.65,157.57,6.65,"1,698,242,400.00",2023-10-25
-2.9831,104.7527,2910.61,0,45.93,26.82,15.97,137,147.84,5.26,"1,698,246,000.00",2023-10-25
-2.9831,104.7527,1976.01,0,29.13,25.39,10.85,98.9,107.88,3.93,"1,698,249,600.00",2023-10-25
-2.9831,104.7527,1321.79,0.01,19.36,23.96,7.45,39.97,48.22,3.39,"1,698,253,200.00",2023-10-25
-2.9831,104.7527,1028.06,0.02,18.85,17.52,8.11,32.37,39.23,2.44,"1,698,256,800.00",2023-10-25
-2.9831,104.7527,741,0.01,10.71,20.56,4.89,40.24,43.31,1.73,"1,698,260,400.00",2023-10-25
-2.9831,104.7527,640.87,0.02,9.08,20.03,4.65,34.77,36.9,1.69,"1,698,264,000.00",2023-10-25
-2.9831,104.7527,654.22,0.29,12.34,6.53,5.84,22.82,25.81,1.88,"1,698,267,600.00",2023-10-25
-2.9831,104.7527,600.81,0.49,12.51,5.01,5.96,21.33,23.87,1.76,"1,698,271,200.00",2023-10-25
-2.9831,104.7527,600.81,0.83,12.85,3.93,6.56,21.3,23.98,1.98,"1,698,274,800.00",2023-10-25
-2.9831,104.7527,821.11,0.43,15.25,21.28,8.34,36.34,39.07,3.2,"1,698,278,400.00",2023-10-26
-2.9831,104.7527,1014.71,2.4,18.34,29.68,10.49,40.78,44.52,4.02,"1,698,282,000.00",2023-10-26
-2.9831,104.7527,1014.71,2.57,17.14,55.07,10.49,41.29,45.96,4.37,"1,698,285,600.00",2023-10-26
-2.9831,104.7527,814.44,1.38,10.88,89.41,8.58,38.57,44.14,4.24,"1,698,289,200.00",2023-10-26
-2.9831,104.7527,627.52,0.47,4.2,94.41,4.41,32.02,36.76,2.69,"1,698,292,800.00",2023-10-26
-2.9831,104.7527,594.14,0.26,3.3,94.41,3.58,28.67,32.23,1.63,"1,698,296,400.00",2023-10-26
-2.9831,104.7527,560.76,0.14,3.08,90.12,3.19,26.75,29.79,1.22,"1,698,300,000.00",2023-10-26
-2.9831,104.7527,540.73,0.18,3.98,88.69,3.73,23.55,26.29,1.41,"1,698,303,600.00",2023-10-26
-2.9831,104.7527,520.71,0.16,5.27,86.55,4.47,19.78,22.29,1.71,"1,698,307,200.00",2023-10-26
-2.9831,104.7527,507.35,0.1,6.08,85.83,4.71,18.36,20.67,1.74,"1,698,310,800.00",2023-10-26
-2.9831,104.7527,514.03,0.05,7.28,82.25,5.01,20.28,22.51,1.76,"1,698,314,400.00",2023-10-26
-2.9831,104.7527,560.76,0.01,8.57,77.96,5.3,26.61,29.16,2.06,"1,698,318,000.00",2023-10-26
-2.9831,104.7527,607.49,0,8.57,75.82,5.48,35.95,39.17,2.63,"1,698,321,600.00",2023-10-26
-2.9831,104.7527,640.87,0,8.23,75.1,5.3,42.85,46.99,3.23,"1,698,325,200.00",2023-10-26
-2.9831,104.7527,680.92,0,8.48,72.96,5.3,47.88,53.02,3.86,"1,698,328,800.00",2023-10-26
-2.9831,104.7527,727.65,0,9.08,70.1,5.42,53.26,59.35,4.05,"1,698,332,400.00",2023-10-26
-2.9831,104.7527,821.11,0,11.82,57.94,5.78,59.25,66.42,3.8,"1,698,336,000.00",2023-10-26
-2.9831,104.7527,821.11,0,12.68,43.99,5.07,61.14,68.58,2.34,"1,698,339,600.00",2023-10-26
-2.9831,104.7527,734.33,0,10.62,35.76,4.23,61.18,68.49,1.8,"1,698,343,200.00",2023-10-26
-2.9831,104.7527,714.3,0.01,9.85,28.97,4.23,64.01,71.43,2.09,"1,698,346,800.00",2023-10-26
-2.9831,104.7527,720.98,0.02,9.85,22.71,4.41,67.35,75.12,2.31,"1,698,350,400.00",2023-10-26
-2.9831,104.7527,720.98,0.06,9.77,17.52,4.41,70.26,78.41,2.5,"1,698,354,000.00",2023-10-26
-2.9831,104.7527,714.3,0.14,9.68,13.59,4.35,71.01,79.46,2.44,"1,698,357,600.00",2023-10-26
-2.9831,104.7527,801.09,0.35,12.17,10.55,5.36,74.74,83.58,2.63,"1,698,361,200.00",2023-10-26
-2.9831,104.7527,1161.58,2.88,18.85,10.19,8.58,87.52,97.71,4.24,"1,698,364,800.00",2023-10-27
-2.9831,104.7527,1121.52,2.99,19.54,46.49,10.73,61.02,69.15,5.38,"1,698,368,400.00",2023-10-27
-2.9831,104.7527,988.01,1.93,16.45,63.66,10.25,54.88,62.66,6.14,"1,698,372,000.00",2023-10-27
-2.9831,104.7527,794.41,0.69,13.19,66.52,9.3,45.93,53.53,5.64,"1,698,375,600.00",2023-10-27
-2.9831,104.7527,580.79,0.18,6.43,82.97,4.65,30.83,35.2,3.13,"1,698,379,200.00",2023-10-27
-2.9831,104.7527,500.68,0.25,4.2,82.97,3.34,20.53,23.7,2.06,"1,698,382,800.00",2023-10-27
-2.9831,104.7527,460.62,0.3,3.34,81.54,2.77,16.72,19.59,1.6,"1,698,386,400.00",2023-10-27
-2.9831,104.7527,447.27,0.45,3.98,82.97,3.4,14.93,17.55,1.65,"1,698,390,000.00",2023-10-27
-2.9831,104.7527,447.27,0.6,5.23,87.26,4.53,13.58,16.06,1.87,"1,698,393,600.00",2023-10-27
-2.9831,104.7527,453.95,0.67,6.34,87.26,5.01,11.7,14.02,1.99,"1,698,397,200.00",2023-10-27
-2.9831,104.7527,467.3,0.53,7.88,80.82,5.01,10.78,13.16,2.06,"1,698,400,800.00",2023-10-27
-2.9831,104.7527,487.33,0.08,9.42,69.38,5.07,10.88,13.41,2.34,"1,698,404,400.00",2023-10-27
-2.9831,104.7527,494,0,8.91,62.94,4.95,12.08,14.88,2.88,"1,698,408,000.00",2023-10-27
-2.9831,104.7527,507.35,0,8.31,59.37,4.71,13.79,17.14,3.45,"1,698,411,600.00",2023-10-27
-2.9831,104.7527,527.38,0,8.65,55.79,4.89,16.23,20.38,4.02,"1,698,415,200.00",2023-10-27
-2.9831,104.7527,554.08,0,9.17,52.93,5.13,19.25,24.32,4.56,"1,698,418,800.00",2023-10-27
-2.9831,104.7527,634.19,0,11.65,45.78,5.72,22.66,28.67,4.75,"1,698,422,400.00",2023-10-27
-2.9831,104.7527,627.52,0,12.51,37.91,5.19,22.53,28.73,3.26,"1,698,426,000.00",2023-10-27
-2.9831,104.7527,540.73,0,9.77,33.97,3.93,20.66,26.5,2.15,"1,698,429,600.00",2023-10-27
-2.9831,104.7527,514.03,0.01,9.08,27.89,3.78,21.45,27.36,2.15,"1,698,433,200.00",2023-10-27
-2.9831,104.7527,547.41,0.04,9.85,19.49,4.05,24.42,30.75,2.44,"1,698,436,800.00",2023-10-27
-2.9831,104.7527,580.79,0.13,10.45,12.52,4.29,27.9,34.87,2.82,"1,698,440,400.00",2023-10-27
-2.9831,104.7527,607.49,0.36,10.88,7.87,4.41,30.04,37.64,2.94,"1,698,444,000.00",2023-10-27
-2.9831,104.7527,674.25,0.91,12.68,4.74,5.19,32.54,40.8,3.04,"1,698,447,600.00",2023-10-27
-2.9831,104.7527,907.9,2.71,17.82,2.77,7.45,39.4,48.87,4.62,"1,698,451,200.00",2023-10-28
-2.9831,104.7527,867.84,1.63,20.05,18.78,8.82,36.56,44.9,4.62,"1,698,454,800.00",2023-10-28
-2.9831,104.7527,814.44,2.68,15.25,39.7,8.46,35.86,43.74,5.38,"1,698,458,400.00",2023-10-28
-2.9831,104.7527,687.6,1.37,9.25,82.25,7.27,35.42,42.87,5.26,"1,698,462,000.00",2023-10-28
-2.9831,104.7527,514.03,0.34,2.87,101.57,2.92,24.29,27.97,2.5,"1,698,465,600.00",2023-10-28
-2.9831,104.7527,460.62,0.24,2.44,92.98,2.32,15.45,17.76,1.71,"1,698,469,200.00",2023-10-28
-2.9831,104.7527,427.25,0.18,2.46,85.12,2.18,11.17,12.97,1.36,"1,698,472,800.00",2023-10-28
-2.9831,104.7527,417.23,0.17,3.04,77.96,2.53,8.62,10.06,1.28,"1,698,476,400.00",2023-10-28
-2.9831,104.7527,410.56,0.16,3.73,73.67,3.13,7.58,8.78,1.27,"1,698,480,000.00",2023-10-28
-2.9831,104.7527,407.22,0.11,4.2,70.1,3.49,7.09,8.08,1.27,"1,698,483,600.00",2023-10-28
-2.9831,104.7527,500.68,0.12,8.74,60.8,5.48,8.19,9.36,2.15,"1,698,487,200.00",2023-10-28
-2.9831,104.7527,660.9,0.03,15.25,45.42,7.75,10.77,12.55,3.51,"1,698,490,800.00",2023-10-28
-2.9831,104.7527,801.09,0,18.85,33.26,9.06,14.41,17,4.94,"1,698,494,400.00",2023-10-28
-2.9831,104.7527,834.47,0.01,18.16,26.46,8.94,17.24,21.05,5.07,"1,698,498,000.00",2023-10-28
-2.9831,104.7527,821.11,0.01,17.14,22.89,8.34,19.71,24.6,4.94,"1,698,501,600.00",2023-10-28
-2.9831,104.7527,841.14,0.03,17.48,20.03,8.11,23.25,28.89,4.94,"1,698,505,200.00",2023-10-28
-2.9831,104.7527,921.25,0.14,19.71,15.02,7.99,27.91,34.19,4.81,"1,698,508,800.00",2023-10-28
-2.9831,104.7527,934.6,0.36,21.08,9.48,7.33,29.69,36.02,3.74,"1,698,512,400.00",2023-10-28
-2.9831,104.7527,854.49,0.4,20.05,7.33,6.62,30.43,36.54,3.55,"1,698,516,000.00",2023-10-28
-2.9831,104.7527,867.84,0.59,21.25,5.19,7.57,34.91,41.33,5.19,"1,698,519,600.00",2023-10-28
-2.9831,104.7527,961.3,1.42,24.33,2.03,10.49,41.52,48.7,8.61,"1,698,523,200.00",2023-10-28
-2.9831,104.7527,1041.41,2.88,25.7,0.6,13.23,46.04,53.44,11.78,"1,698,526,800.00",2023-10-28
-2.9831,104.7527,1081.47,4.81,25.7,0.19,15.02,47.52,54.41,13.93,"1,698,530,400.00",2023-10-28
-2.9831,104.7527,1134.87,8.16,22.62,0.05,14.78,49.55,56.31,13.81,"1,698,534,000.00",2023-10-28
-2.9831,104.7527,1375.2,15.42,17.48,0.85,13.11,56.24,64.74,10.13,"1,698,537,600.00",2023-10-29
-2.9831,104.7527,1441.96,16.54,21.08,6.35,12.99,54.81,63.28,6.33,"1,698,541,200.00",2023-10-29
-2.9831,104.7527,1428.6,10.51,29.82,28.25,13.11,56.45,64.85,6.71,"1,698,544,800.00",2023-10-29
-2.9831,104.7527,1081.47,3.32,23.31,84.4,10.85,49.56,57.27,6.46,"1,698,548,400.00",2023-10-29
-2.9831,104.7527,507.35,0.48,4.63,103,3.73,22.47,26.4,2.6,"1,698,552,000.00",2023-10-29
-2.9831,104.7527,427.25,0.28,2.66,105.86,2.24,15.83,18.52,1.98,"1,698,555,600.00",2023-10-29
-2.9831,104.7527,447.27,0.25,2.55,118.73,1.77,18.46,20.93,2.15,"1,698,559,200.00",2023-10-29
-2.9831,104.7527,534.06,0.29,3.81,147.34,2.32,29.86,32.61,3.2,"1,698,562,800.00",2023-10-29
-2.9831,104.7527,647.54,0.31,5.65,178.81,3.25,45.36,48.55,4.62,"1,698,566,400.00",2023-10-29
-2.9831,104.7527,741,0.25,7.37,183.11,3.7,58.77,62.62,5.76,"1,698,570,000.00",2023-10-29
-2.9831,104.7527,787.73,0.12,9.25,153.06,4.05,64.26,68.6,6.14,"1,698,573,600.00",2023-10-29
-2.9831,104.7527,774.38,0.01,10.45,110.15,4.23,60.73,65.23,5.89,"1,698,577,200.00",2023-10-29
-2.9831,104.7527,707.63,0,9.77,80.82,4.17,50.62,55.28,5.45,"1,698,580,800.00",2023-10-29
-2.9831,104.7527,660.9,0,9.17,62.23,4.17,41.43,46.59,5.26,"1,698,584,400.00",2023-10-29
-2.9831,104.7527,647.54,0,9.68,50.07,4.53,36.84,42.65,5.57,"1,698,588,000.00",2023-10-29
-2.9831,104.7527,687.6,0,11.14,41.13,5.01,38.01,44.51,6.46,"1,698,591,600.00",2023-10-29
-2.9831,104.7527,834.47,0.01,15.77,29.68,6.08,43.95,51.44,7.79,"1,698,595,200.00",2023-10-29
-2.9831,104.7527,947.95,0.07,20.22,18.24,6.26,49.34,57.38,6.59,"1,698,598,800.00",2023-10-29
-2.9831,104.7527,1014.71,0.28,21.93,10.64,6.79,54.92,63.74,6.14,"1,698,602,400.00",2023-10-29
-2.9831,104.7527,1081.47,0.54,23.65,6.17,7.63,62.93,73.61,7.09,"1,698,606,000.00",2023-10-29
-2.9831,104.7527,1094.82,1.02,22.62,3.4,7.15,67.4,79.9,5.95,"1,698,609,600.00",2023-10-29
-2.9831,104.7527,1054.76,1.84,19.88,1.52,6.32,67.22,80.5,4.43,"1,698,613,200.00",2023-10-29
-2.9831,104.7527,1001.36,3.21,16.96,0.54,5.96,65.98,78.99,3.51,"1,698,616,800.00",2023-10-29
-2.9831,104.7527,1028.06,5.7,15.42,0.16,6.74,65.57,77.9,3.86,"1,698,620,400.00",2023-10-29
-2.9831,104.7527,1281.74,11.62,15.59,0.44,9.54,71.06,83.7,6.27,"1,698,624,000.00",2023-10-30
-2.9831,104.7527,1468.66,12.63,22.96,1.13,12.76,73.11,85.47,8.36,"1,698,627,600.00",2023-10-30
-2.9831,104.7527,1455.31,8.72,29.13,6.53,13.83,74.29,87.53,10.26,"1,698,631,200.00",2023-10-30
-2.9831,104.7527,1081.47,2.46,23.99,31.47,11.8,64.25,77.56,8.74,"1,698,634,800.00",2023-10-30
-2.9831,104.7527,627.52,0.31,8.05,77.25,4.35,35.56,40.94,5,"1,698,638,400.00",2023-10-30
-2.9831,104.7527,480.65,0.22,4.88,77.25,3.28,16.77,19.76,2.85,"1,698,642,000.00",2023-10-30
-2.9831,104.7527,433.92,0.21,4.03,75.1,2.98,11.29,13.57,2.15,"1,698,645,600.00",2023-10-30
-2.9831,104.7527,427.25,0.25,4.33,72.24,3.22,8.96,10.8,1.98,"1,698,649,200.00",2023-10-30
-2.9831,104.7527,423.91,0.29,4.71,67.95,3.55,7.81,9.3,1.9,"1,698,652,800.00",2023-10-30
-2.9831,104.7527,420.57,0.28,4.71,63.66,3.49,6.35,7.49,1.69,"1,698,656,400.00",2023-10-30
-2.9831,104.7527,594.14,0.4,12.17,52.21,6.32,8.11,9.71,3.07,"1,698,660,000.00",2023-10-30
-2.9831,104.7527,854.49,0.07,22.28,35.05,9.42,12.75,15.39,5.13,"1,698,663,600.00",2023-10-30
-2.9831,104.7527,1068.12,0.02,27.08,23.96,11.09,18.73,22.67,6.9,"1,698,667,200.00",2023-10-30
-2.9831,104.7527,1214.98,0.27,28.1,14.48,11.32,26.97,33.44,7.22,"1,698,670,800.00",2023-10-30
-2.9831,104.7527,1388.55,1.36,28.79,5.72,11.21,37.12,46.6,7.6,"1,698,674,400.00",2023-10-30
-2.9831,104.7527,1522.06,4.14,27.08,1.52,11.44,47.18,59.12,8.23,"1,698,678,000.00",2023-10-30
-2.9831,104.7527,1602.17,7.93,24.68,0.35,11.32,52.42,65.61,7.85,"1,698,681,600.00",2023-10-30
-2.9831,104.7527,1388.55,8.49,21.59,0.2,9.3,44.99,57.31,5.32,"1,698,685,200.00",2023-10-30
-2.9831,104.7527,1094.82,6.54,18.34,0.3,7.63,37.54,48.53,4.37,"1,698,688,800.00",2023-10-30
-2.9831,104.7527,1001.36,6.31,16.96,0.17,7.39,38.28,48.82,4.5,"1,698,692,400.00",2023-10-30
-2.9831,104.7527,1001.36,7.26,16.79,0.1,7.27,42.95,53.62,4.24,"1,698,696,000.00",2023-10-30
-2.9831,104.7527,974.66,7.04,16.45,0.12,6.68,46,57.01,3.77,"1,698,699,600.00",2023-10-30
-2.9831,104.7527,881.2,5.53,15.42,0.29,6.02,43.24,54.14,3.39,"1,698,703,200.00",2023-10-30
-2.9831,104.7527,881.2,5.48,15.08,0.33,6.85,41.99,52.88,3.99,"1,698,706,800.00",2023-10-30
-2.9831,104.7527,1161.58,9.95,16.11,3.08,9.78,48.56,60.41,6.71,"1,698,710,400.00",2023-10-31
-2.9831,104.7527,1228.33,9.83,19.36,15.56,11.8,43.24,53.66,7.35,"1,698,714,000.00",2023-10-31
-2.9831,104.7527,1081.47,5.76,19.02,42.92,11.21,35.05,43.85,7.41,"1,698,717,600.00",2023-10-31
-2.9831,104.7527,801.09,2.15,12.85,85.12,9.54,28.66,35.99,6.59,"1,698,721,200.00",2023-10-31
-2.9831,104.7527,600.81,0.99,8.14,105.86,9.06,24.43,29.64,4.69,"1,698,724,800.00",2023-10-31
-2.9831,104.7527,594.14,0.89,9,100.14,10.01,24.04,28.13,3.7,"1,698,728,400.00",2023-10-31
-2.9831,104.7527,567.44,0.71,8.91,68.66,7.99,18.78,21.51,2.28,"1,698,732,000.00",2023-10-31
-2.9831,104.7527,554.08,0.57,9.68,47.92,7.57,13.41,15.35,1.85,"1,698,735,600.00",2023-10-31
-2.9831,104.7527,540.73,0.47,10.45,45.78,8.7,9.88,11.5,1.95,"1,698,739,200.00",2023-10-31
-2.9831,104.7527,527.38,0.28,11.31,44.35,9.42,7.6,9.04,2.12,"1,698,742,800.00",2023-10-31
-2.9831,104.7527,961.3,0.35,24.33,24.32,10.97,13.33,15.94,4.94,"1,698,746,400.00",2023-10-31
-2.9831,104.7527,1682.28,5.59,36.67,2.86,13.47,26.26,31.14,7.6,"1,698,750,000.00",2023-10-31
-2.9831,104.7527,2269.74,17.66,32.9,0.05,15.5,43.57,51.3,9.75,"1,698,753,600.00",2023-10-31
-2.9831,104.7527,2403.26,23.25,26.73,0,15.02,56.32,66.71,9.88,"1,698,757,200.00",2023-10-31
-2.9831,104.7527,2563.48,28.16,22.96,0,14.42,70.7,82.48,8.11,"1,698,760,800.00",2023-10-31
-2.9831,104.7527,2643.59,27.72,26.05,0,13.59,81.29,91.79,6.4,"1,698,764,400.00",2023-10-31
-2.9831,104.7527,2216.34,15.87,31.87,0.02,10.85,68.45,75.86,4.43,"1,698,768,000.00",2023-10-31
-2.9831,104.7527,1762.39,9.72,28.45,0.09,7.87,53.24,58.97,2.88,"1,698,771,600.00",2023-10-31
-2.9831,104.7527,1281.74,4.69,22.96,0.49,5.9,37.03,41.08,2.09,"1,698,775,200.00",2023-10-31
-2.9831,104.7527,841.14,0.73,16.62,4.92,4.77,23.01,25.69,1.82,"1,698,778,800.00",2023-10-31
-2.9831,104.7527,680.92,0.28,11.82,7.06,4.47,19.62,22.1,2.12,"1,698,782,400.00",2023-10-31
-2.9831,104.7527,647.54,0.37,10.88,6.35,4.95,20.66,23.26,2.69,"1,698,786,000.00",2023-10-31
-2.9831,104.7527,660.9,0.64,12,4.6,5.9,22.67,25.48,3.17,"1,698,789,600.00",2023-10-31
-2.9831,104.7527,694.27,1.06,12.85,3.44,6.79,24.47,27.63,3.32,"1,698,793,200.00",2023-10-31
